"","Happiness","Ben1","Ben2","Ben3","Work1","Work2","Work3","Man1","Man2","Man3","Car1","Car2","Car3","Car4"
"1",4,4,4,4,4,4,3,4,4,4,4,4,4,4
"2",3,3,3,3,3,3,3,4,4,4,4,3,4,4
"3",4,3,4,4,2,2,2,2,3,3,3,4,2,3
"4",4,3,4,3,3,3,3,3,4,4,4,4,4,4
"5",3,4,3,3,2,2,1,3,3,3,2,2,2,2
"6",4,4,4,4,4,4,4,4,4,4,4,4,4,4
"7",3,4,3,3,2,1,1,2,2,2,4,3,3,3
"8",4,4,3,3,3,2,2,3,3,3,4,4,4,4
"9",4,4,4,4,3,3,2,4,3,4,4,4,4,4
"10",4,4,4,4,4,4,2,4,4,4,4,4,4,4
"11",4,4,4,4,4,3,3,4,3,4,4,4,4,4
"12",4,4,4,4,3,3,3,4,4,4,4,4,4,4
"13",3,3,3,3,3,2,2,2,3,4,4,4,3,3
"14",4,3,4,4,3,2,3,4,4,4,4,3,3,3
"15",4,4,4,4,3,2,2,4,4,4,4,4,4,4
"16",4,3,4,4,3,2,3,3,4,4,4,4,4,3
"17",3,2,3,3,2,3,3,2,3,3,3,2,2,2
"18",4,4,4,4,3,2,2,3,4,4,3,4,4,3
"19",4,4,4,4,3,3,3,4,4,4,4,4,4,4
"20",4,3,3,3,3,3,3,4,4,4,3,4,3,3
"21",4,4,4,4,4,4,4,4,4,4,4,4,4,4
"22",3,3,3,3,3,3,4,3,3,3,4,3,4,3
"23",2,3,3,3,1,1,1,2,2,3,3,4,4,3
"24",4,4,4,4,4,4,3,4,4,4,4,4,4,4
"25",3,3,2,3,3,2,3,3,3,2,2,3,3,2
"26",3,3,3,2,3,2,3,2,3,4,4,4,4,4
"27",4,4,4,4,4,4,4,4,4,4,4,4,4,4
"28",3,3,4,3,2,3,2,3,4,3,4,3,3,3
"29",4,4,4,4,3,3,3,4,4,4,4,4,4,4
"30",3,4,3,4,3,2,2,2,4,3,4,4,4,4
"31",4,4,4,4,3,3,4,4,3,4,4,4,4,4
"32",4,4,3,4,2,2,2,4,4,4,4,4,4,4
"33",4,4,4,4,3,3,3,3,4,4,4,4,3,3
"34",4,4,4,4,3,2,3,4,4,4,4,4,4,3
"35",4,4,3,4,4,4,4,4,4,4,4,4,4,4
"36",4,4,4,4,4,2,3,4,4,4,4,4,4,4
"37",4,4,3,3,3,3,3,3,4,3,4,4,4,4
"38",4,3,2,3,3,2,2,3,3,3,2,3,3,3
"39",3,3,3,3,3,2,2,2,3,3,3,3,3,4
"40",2,3,2,2,2,2,3,2,2,2,3,2,2,2
"41",4,3,3,3,4,2,2,4,4,4,4,4,4,4
"42",4,4,4,4,3,2,3,3,4,4,4,4,4,4
"43",4,4,4,4,3,3,3,4,4,4,4,4,4,4
"44",4,4,4,4,3,3,3,3,4,3,4,4,4,3
"45",4,4,4,4,3,3,3,3,3,3,4,4,3,3
"46",3,3,3,3,1,1,1,4,4,4,4,3,3,2
"47",4,4,4,4,4,4,4,3,4,4,4,4,4,4
"48",4,4,4,4,3,3,4,4,4,4,4,4,3,4
"49",4,4,4,4,4,4,4,4,4,4,4,4,4,4
"50",4,4,4,3,3,3,3,4,4,3,3,4,4,3
"51",4,3,3,3,3,3,3,3,4,4,3,3,3,3
"52",4,4,4,4,4,3,4,4,4,4,4,4,4,4
"53",3,3,3,4,3,3,3,2,3,3,4,3,3,3
"54",4,3,4,4,3,2,2,4,4,4,3,4,4,3
"55",3,3,3,3,2,3,3,3,3,3,3,3,4,3
"56",4,4,4,3,4,3,4,4,4,4,4,4,4,4
"57",4,4,4,4,4,3,3,4,4,4,4,4,4,4
"58",3,3,2,4,3,3,3,2,2,2,3,3,2,4
"59",4,3,3,2,3,3,2,2,2,3,4,4,4,3
"60",4,4,4,4,3,3,3,4,4,3,4,4,4,4
"61",4,4,4,4,3,2,3,4,4,3,4,4,4,4
"62",4,4,4,4,3,3,3,4,4,4,4,4,3,4
"63",4,4,3,4,3,3,3,3,4,4,4,4,4,4
"64",2,4,4,4,4,4,4,3,3,3,4,4,4,4
"65",4,4,4,4,3,4,4,4,4,3,3,4,4,3
"66",4,4,4,4,4,3,4,3,4,4,4,4,4,4
"67",3,3,3,4,3,3,3,3,3,3,4,4,3,3
"68",3,4,4,4,3,3,3,4,4,4,4,4,4,4
"69",4,4,4,4,4,4,4,4,4,3,4,4,4,4
"70",3,3,4,4,2,2,1,3,4,4,4,3,4,3
"71",4,4,3,3,4,2,3,4,4,4,4,4,4,4
"72",3,3,4,4,1,3,3,2,2,2,4,4,4,4
"73",4,3,4,3,3,4,4,4,4,4,4,4,2,3
"74",2,2,3,3,2,2,2,4,4,4,3,3,4,3
"75",2,3,3,1,2,3,3,3,3,2,3,3,3,1
"76",2,4,4,4,2,1,2,3,2,2,4,4,4,3
"77",2,1,3,3,1,2,3,4,4,4,4,3,3,1
"78",4,4,4,4,4,4,4,4,3,3,4,4,4,4
"79",4,3,4,4,4,3,3,4,3,3,4,4,4,3
"80",3,3,4,4,1,1,2,2,2,3,4,4,4,2
"81",2,1,1,3,3,3,4,2,4,3,2,2,1,1
"82",3,2,3,4,1,1,1,2,1,1,4,3,3,3
"83",4,4,4,3,2,3,3,4,3,4,2,3,2,3
"84",4,4,3,4,3,3,3,3,4,4,4,3,3,4
"85",4,3,4,3,2,2,3,2,4,4,4,4,3,3
"86",4,4,4,4,4,3,3,4,4,4,4,4,4,4
"87",4,4,4,4,4,4,4,4,4,4,4,4,4,4
"88",4,4,4,3,3,2,3,3,4,4,4,4,4,4
"89",4,4,4,4,2,2,2,4,4,4,4,4,3,4
"90",4,4,4,4,4,4,4,4,3,4,4,4,4,2
"91",4,4,3,3,3,3,3,4,4,4,4,4,4,4
"92",4,4,4,4,4,4,4,4,4,4,3,4,3,4
"93",3,3,3,2,4,4,4,3,2,2,4,4,4,3
"94",3,3,4,4,2,2,2,4,4,4,2,4,4,3
"95",3,4,4,4,2,2,2,3,4,4,4,4,3,4
"96",3,4,4,3,2,3,2,3,4,4,4,4,3,3
"97",3,3,3,3,1,1,1,3,3,4,4,4,4,4
"98",4,4,4,4,3,2,2,3,4,4,4,4,4,4
"99",4,4,4,4,2,2,2,3,4,3,4,4,4,4
"100",3,3,3,3,1,1,1,4,4,4,2,2,4,3
"101",3,4,4,4,3,2,2,4,3,4,3,4,3,4
"102",3,3,4,4,3,3,3,4,4,4,2,3,2,3
"103",4,4,4,4,4,3,4,4,4,4,4,4,4,4
"104",4,2,3,3,3,3,3,3,3,3,4,3,4,3
"105",4,4,4,3,3,3,3,3,4,4,4,4,4,4
"106",4,4,4,4,4,4,4,4,4,4,4,4,4,4
"107",4,4,4,4,3,2,3,4,4,4,4,4,4,4
"108",4,4,3,4,4,4,4,3,4,3,4,4,4,4
"109",2,1,3,4,3,2,3,2,4,4,4,3,3,1
"110",4,4,3,4,2,3,3,3,3,3,4,4,4,3
"111",4,4,4,4,3,3,3,4,4,4,4,4,4,4
"112",4,4,4,4,2,2,2,3,4,4,4,4,4,4
"113",4,4,4,4,4,4,3,4,4,4,4,4,4,3
"114",4,4,4,4,4,4,4,4,4,4,4,4,4,4
"115",3,3,3,4,3,3,4,2,3,3,4,3,3,3
"116",4,4,4,4,1,2,1,2,2,2,4,4,4,2
"117",3,3,3,4,3,3,2,3,3,4,4,3,3,3
"118",3,2,4,4,2,1,3,3,3,3,3,4,4,3
"119",4,4,4,4,2,2,3,3,4,4,4,4,4,4
"120",3,3,4,4,2,2,2,2,4,4,4,4,4,4
"121",4,4,4,4,4,4,3,4,4,4,4,3,3,4
"122",3,4,4,4,3,3,2,4,4,4,4,4,4,4
"123",4,4,4,3,3,3,3,4,4,3,4,4,4,4
"124",4,4,4,4,2,2,2,4,4,4,4,3,3,4
"125",4,4,4,4,2,4,4,4,4,4,4,4,4,4
"126",3,3,4,4,3,3,3,2,3,2,4,4,4,3
"127",3,4,4,4,2,2,2,3,3,3,4,3,3,3
"128",3,3,3,4,4,4,4,2,3,4,3,4,4,4
"129",4,4,4,4,2,2,2,3,4,4,4,3,3,3
"130",3,3,4,3,2,2,2,3,3,3,4,4,4,4
"131",4,4,4,4,4,3,4,4,4,4,4,4,4,4
"132",4,4,4,4,3,3,2,3,4,3,4,4,4,3
"133",2,3,2,3,3,3,3,3,3,3,4,4,4,3
"134",4,4,4,2,3,3,3,3,4,4,4,4,4,4
"135",4,4,4,4,3,3,3,3,4,3,4,3,3,4
"136",4,4,4,4,3,2,3,3,4,4,4,4,3,4
"137",4,4,4,4,4,4,4,4,4,4,4,4,4,4
"138",2,3,3,4,3,3,4,1,2,3,3,2,2,2
"139",4,4,3,4,3,1,1,2,4,4,4,4,4,4
"140",4,4,4,4,3,3,3,3,4,4,4,4,4,4
"141",4,4,4,3,4,3,3,4,4,4,4,4,4,4
"142",3,3,2,3,2,2,3,3,2,2,4,3,3,3
"143",3,4,4,3,3,3,3,4,4,3,4,4,3,3
"144",4,4,4,4,3,2,2,3,3,3,4,4,4,4
"145",4,4,4,4,3,2,3,4,3,3,4,4,4,4
"146",3,3,4,4,3,3,3,3,4,4,4,4,3,3
"147",4,3,3,4,3,2,2,2,2,3,4,3,3,3
"148",4,4,4,4,4,4,4,4,4,4,4,4,3,3
"149",4,3,3,4,3,3,4,4,4,4,2,2,2,3
"150",2,3,3,3,3,3,3,3,4,4,4,4,4,3
"151",4,4,3,3,3,3,3,4,4,4,4,4,4,4
"152",3,4,4,4,3,2,3,4,4,4,3,2,3,3
"153",4,4,4,4,4,4,4,4,3,3,4,4,4,4
"154",4,4,4,4,2,2,2,2,2,4,4,4,4,4
"155",4,4,4,4,4,4,3,4,4,4,4,4,4,4
"156",4,4,4,4,4,4,4,4,4,4,4,4,4,4
"157",3,3,3,3,2,2,2,2,3,3,3,3,3,3
"158",4,4,4,4,4,4,3,4,4,4,4,4,4,4
"159",4,4,4,4,3,3,3,4,4,4,4,4,4,4
"160",4,4,4,4,4,4,3,3,3,4,4,4,4,4
"161",4,3,3,2,2,2,2,2,4,3,3,4,3,3
"162",4,4,3,3,2,1,2,2,2,3,4,4,4,4
"163",3,3,3,3,3,2,3,2,4,4,4,4,4,4
"164",4,4,4,4,2,1,1,2,4,2,4,4,4,4
"165",4,4,4,4,3,3,4,3,4,4,4,4,4,4
"166",3,3,4,4,3,2,2,3,2,2,4,4,4,3
"167",3,3,4,3,3,2,2,3,3,3,4,2,2,3
"168",4,4,4,3,4,3,4,2,4,3,4,4,3,3
"169",4,4,4,4,4,3,3,4,4,4,4,4,4,4
"170",4,4,4,4,3,3,3,4,4,4,4,4,4,4
"171",4,4,4,4,3,1,2,3,4,4,4,4,4,2
"172",3,3,3,2,2,2,2,2,3,3,3,3,3,3
"173",4,4,4,4,4,2,2,3,4,3,4,4,4,4
"174",3,3,3,4,3,2,3,2,2,2,3,3,3,3
"175",4,4,4,4,3,3,4,4,4,4,4,4,4,4
"176",4,4,4,4,3,4,3,4,4,2,4,4,4,4
"177",3,4,4,4,2,2,3,3,3,3,4,4,4,3
"178",4,3,3,3,3,3,2,4,3,3,4,4,4,2
"179",4,4,4,4,4,4,3,4,4,4,4,4,4,4
"180",4,4,4,3,4,3,3,3,4,4,4,4,4,4
"181",4,4,4,4,4,3,4,2,3,3,4,4,4,4
"182",3,3,4,4,3,3,2,4,4,4,3,3,4,3
"183",4,4,4,4,3,3,3,4,4,4,4,4,4,4
"184",3,3,4,4,2,2,3,2,3,3,4,3,3,3
"185",4,3,3,4,3,2,3,4,4,4,4,4,4,4
"186",3,4,4,4,1,2,2,1,3,2,2,2,2,2
"187",4,4,4,4,4,3,3,4,4,3,4,4,4,4
"188",4,4,4,4,3,2,2,4,4,4,4,4,4,3
"189",4,4,4,4,4,4,4,3,2,4,4,4,4,4
"190",4,4,4,4,3,3,4,4,4,4,4,4,4,4
"191",3,4,4,4,3,2,2,4,4,4,4,4,4,4
"192",3,2,3,4,2,2,2,3,3,3,4,4,4,3
"193",4,4,4,4,2,2,2,3,4,3,4,4,4,4
"194",4,3,4,4,3,3,3,4,4,3,4,4,3,4
"195",3,2,4,4,1,2,2,4,4,4,4,4,4,4
"196",4,4,4,4,4,4,4,4,4,4,4,4,4,4
"197",3,3,3,3,3,3,3,3,3,3,4,4,4,4
"198",3,3,3,4,2,1,1,3,4,4,3,4,3,2
"199",4,4,4,4,4,3,3,4,4,4,4,4,4,4
"200",4,4,4,4,3,2,3,2,4,3,4,3,4,4
"201",4,4,3,4,3,2,1,3,3,3,3,2,2,3
"202",4,4,4,4,4,3,3,3,4,3,4,4,4,4
"203",2,3,3,3,2,2,2,3,3,4,4,3,3,3
"204",3,3,4,4,2,2,2,2,2,2,3,3,3,2
"205",4,4,4,4,4,4,4,3,4,4,4,4,4,4
"206",4,4,4,4,3,2,2,2,2,3,4,4,4,4
"207",4,4,4,4,3,2,3,3,4,4,4,4,4,4
"208",4,3,4,4,2,2,2,4,4,4,4,4,4,4
"209",4,4,4,4,4,4,4,4,4,4,4,4,4,4
"210",4,3,3,3,3,3,3,3,3,4,4,3,3,4
"211",2,4,4,4,3,2,2,3,4,4,4,4,4,4
"212",4,4,4,4,3,3,3,3,4,4,4,4,4,3
"213",4,4,3,4,4,4,4,4,4,4,4,4,4,4
"214",3,3,4,3,2,2,2,3,4,4,4,4,4,4
"215",4,3,4,4,4,4,4,3,3,3,4,3,3,3
"216",4,4,4,4,3,3,3,3,4,4,4,4,4,4
"217",4,4,4,4,2,2,3,2,3,4,3,4,4,4
"218",4,4,4,4,3,3,4,3,4,4,4,4,4,4
"219",4,3,4,4,3,3,3,3,3,3,4,4,4,4
"220",4,4,4,4,4,4,4,4,4,4,4,4,4,4
"221",4,4,3,3,3,2,2,3,4,4,4,4,3,2
"222",4,4,4,4,4,3,3,4,4,4,4,4,4,4
"223",2,4,4,4,2,2,2,3,4,3,4,4,4,4
"224",3,4,3,3,2,2,1,3,3,4,4,3,3,4
"225",4,3,4,4,3,3,3,3,3,3,4,3,3,3
"226",4,4,4,4,3,2,3,4,4,4,4,4,4,3
"227",2,2,3,3,2,2,2,2,3,3,3,4,3,3
"228",4,4,4,3,3,2,3,3,4,4,4,4,4,4
"229",4,4,4,4,3,3,3,3,3,4,4,4,4,3
"230",3,4,4,3,2,2,3,4,4,2,4,4,4,4
"231",4,4,4,4,2,2,2,2,4,3,4,4,4,4
"232",4,4,4,4,3,1,2,4,4,4,4,4,4,4
"233",4,4,3,4,4,3,3,3,4,3,4,4,3,4
"234",3,3,4,3,2,2,1,2,4,4,4,3,3,3
"235",4,4,4,4,2,2,2,3,4,4,4,4,2,3
"236",4,4,3,3,3,3,2,3,3,4,4,4,4,4
"237",4,4,4,4,3,4,2,2,2,3,4,4,4,4
"238",4,4,4,4,2,3,3,4,4,4,4,4,4,4
"239",4,4,3,4,4,3,3,4,3,3,4,4,4,4
"240",3,4,4,3,2,2,2,4,4,3,4,3,3,4
"241",4,4,4,3,3,4,4,4,4,4,4,4,4,4
"242",4,4,4,4,4,4,4,3,4,3,3,3,4,4
"243",3,3,3,4,3,3,3,3,2,2,3,4,4,3
"244",3,3,4,4,3,2,2,3,4,4,4,4,4,2
"245",3,4,4,4,2,2,2,4,4,4,4,3,3,4
"246",4,4,4,4,3,3,3,3,4,4,3,3,3,4
"247",4,3,4,4,3,3,2,2,3,3,4,4,4,3
"248",3,4,4,4,3,3,3,3,4,4,4,4,4,4
"249",4,4,4,4,3,3,3,4,4,4,4,4,4,4
"250",3,3,4,4,3,2,2,2,2,2,2,3,3,2
"251",4,4,4,4,4,4,4,3,3,2,4,4,4,4
"252",4,4,4,4,4,3,3,4,4,4,4,4,3,3
"253",4,4,4,4,3,3,3,3,4,3,4,4,4,4
"254",4,4,3,4,3,3,3,2,3,3,4,4,3,4
"255",4,3,4,3,3,3,3,4,4,4,4,4,4,3
"256",4,4,2,4,3,2,3,4,4,4,4,4,4,3
"257",4,4,3,4,3,3,3,3,3,4,3,3,3,4
"258",4,3,3,4,2,2,3,3,4,4,3,3,3,2
"259",4,4,4,4,4,3,3,2,3,3,4,4,3,4
"260",3,4,4,4,4,4,4,4,3,4,4,4,4,4
"261",4,4,4,4,2,2,2,3,4,2,4,3,3,4
"262",4,3,4,4,1,1,1,2,4,3,4,4,1,1
"263",4,4,4,4,3,3,3,3,4,4,4,4,4,4
"264",2,3,2,2,3,2,2,2,2,2,2,3,3,2
"265",3,4,3,3,2,2,2,3,4,4,4,4,3,4
"266",4,4,4,3,4,4,4,2,3,3,4,4,4,4
"267",3,4,4,3,3,4,4,2,3,3,4,3,4,4
"268",3,4,4,4,2,2,3,2,4,3,4,3,4,4
"269",4,4,4,3,3,3,3,4,4,4,3,4,4,4
"270",4,4,4,4,4,3,3,3,4,4,4,4,4,4
"271",3,3,3,4,2,1,3,4,4,3,2,2,2,3
"272",3,3,3,4,3,4,3,4,4,3,4,4,3,3
"273",3,4,4,3,3,2,2,3,3,3,3,3,2,4
"274",4,4,4,4,2,2,2,4,4,4,4,4,4,4
"275",4,4,4,4,4,4,4,4,4,4,4,4,4,3
"276",3,3,4,3,2,1,2,3,3,4,3,4,3,3
"277",4,3,2,3,2,2,2,3,2,3,4,4,4,4
"278",4,4,4,4,4,2,3,4,4,4,4,4,4,4
"279",2,3,3,4,2,1,1,3,3,4,3,2,3,4
"280",4,4,3,3,3,2,2,4,4,4,4,4,4,4
"281",4,4,4,4,4,4,4,3,4,2,4,4,4,3
"282",3,3,4,4,3,2,2,3,3,3,4,3,3,3
"283",4,4,4,4,3,3,3,3,4,3,4,4,3,4
"284",3,2,2,3,3,3,3,2,3,3,4,3,2,2
"285",3,3,4,4,2,2,2,3,3,3,3,4,3,3
"286",2,2,3,4,2,2,3,4,2,4,2,3,2,3
"287",4,4,3,4,3,3,3,4,4,4,4,4,4,4
"288",4,4,3,3,3,2,3,4,4,4,3,3,3,3
"289",3,3,2,2,3,3,2,2,4,3,4,4,3,2
"290",3,4,4,4,2,2,3,3,4,4,4,4,4,4
"291",4,4,4,4,2,1,2,4,4,4,4,4,4,4
"292",4,4,4,4,2,2,4,3,4,4,4,4,4,4
"293",3,3,4,4,2,1,2,3,4,4,4,4,3,4
"294",4,4,4,4,3,3,3,3,3,4,4,4,3,3
"295",3,3,3,4,2,2,2,3,3,3,4,4,4,4
"296",4,4,4,4,4,3,3,4,4,4,4,4,4,4
"297",4,2,3,3,2,2,2,3,2,4,2,4,3,4
"298",2,2,3,4,3,2,2,2,3,2,4,4,3,2
"299",3,3,3,3,2,2,2,3,3,3,3,3,3,3
"300",4,4,4,4,4,4,4,4,4,4,4,4,4,4
"301",4,4,4,3,4,4,4,4,4,4,4,4,4,4
"302",2,1,1,3,2,2,2,1,1,3,1,2,2,1
"303",3,3,3,4,3,2,3,4,4,3,4,4,4,3
"304",3,3,3,2,3,2,2,3,4,4,2,3,3,3
"305",3,3,3,4,3,3,3,3,3,3,4,3,3,3
"306",4,4,4,4,3,3,3,4,4,4,4,4,4,4
"307",4,4,4,4,4,3,3,4,4,4,4,4,4,3
"308",3,3,3,3,3,3,3,2,2,2,4,3,2,3
"309",2,3,4,4,1,1,1,2,1,3,3,3,3,3
"310",3,4,4,4,2,2,1,3,4,3,2,4,3,4
"311",4,4,4,4,2,3,2,4,4,4,3,3,3,4
"312",4,4,4,4,4,4,4,4,4,4,4,4,4,4
"313",3,4,4,3,3,2,3,3,4,4,4,4,4,3
"314",3,4,2,4,3,2,2,2,2,3,4,3,3,4
"315",4,4,4,4,2,2,2,3,3,4,4,4,4,2
"316",4,3,3,4,3,3,3,3,4,4,4,4,4,3
"317",3,4,4,4,3,3,3,2,3,2,3,3,3,4
"318",3,4,3,3,2,2,2,3,4,3,4,4,4,3
"319",4,4,4,4,2,2,2,4,4,4,4,4,4,3
"320",4,4,4,4,3,3,3,4,4,4,4,4,4,4
"321",4,3,3,3,3,2,4,3,3,3,3,3,3,3
"322",3,4,4,4,2,2,2,3,3,3,4,4,4,4
"323",4,4,4,4,3,2,2,4,4,4,4,4,4,4
"324",2,4,4,2,3,3,2,4,3,3,4,4,3,4
"325",3,4,4,4,2,1,2,2,4,4,4,4,4,4
"326",4,4,4,3,3,3,3,2,4,3,4,4,4,4
"327",4,4,4,4,3,2,3,2,3,3,4,4,4,4
"328",4,4,4,4,3,2,3,4,4,4,4,3,4,3
"329",4,4,4,4,4,4,4,4,4,4,4,4,4,4
"330",3,4,4,4,3,2,3,4,4,4,4,4,3,4
"331",4,3,4,4,3,3,3,3,4,3,3,3,3,3
"332",2,2,3,3,2,1,1,2,3,3,3,2,2,2
"333",4,4,4,4,3,3,4,3,4,4,4,4,4,4
"334",4,3,3,4,2,2,2,3,4,3,4,4,4,4
"335",4,3,4,3,3,3,3,3,4,3,4,4,4,4
"336",4,4,4,4,4,4,4,3,4,4,4,4,4,4
"337",4,3,4,4,2,2,3,4,4,4,3,3,3,2
"338",4,4,4,3,3,3,3,3,3,3,4,3,3,4
"339",4,4,4,4,4,3,2,3,3,3,4,4,4,4
"340",2,4,4,4,3,3,4,3,4,4,3,2,2,4
"341",4,4,4,4,3,2,2,3,3,4,4,4,4,4
"342",4,4,4,4,2,2,3,4,4,3,4,3,3,4
"343",3,4,3,4,4,3,3,2,2,2,3,3,3,3
"344",4,4,4,4,2,2,2,3,4,4,4,4,4,4
"345",4,4,4,4,3,2,2,3,3,3,4,4,4,4
"346",4,4,4,4,4,4,4,4,4,3,4,4,4,4
"347",3,3,4,4,3,2,2,2,3,3,4,4,4,3
"348",3,4,4,4,4,3,3,4,4,4,4,4,4,4
"349",3,3,4,4,3,2,2,4,4,4,4,4,4,4
"350",3,4,3,4,3,2,2,3,4,3,4,4,4,3
"351",4,4,4,4,3,2,2,3,4,4,4,4,4,4
"352",4,4,3,3,1,2,2,4,4,4,4,4,4,4
"353",4,3,4,4,2,1,2,3,4,4,3,2,2,4
"354",4,4,3,4,3,3,3,3,4,4,4,4,4,4
"355",4,4,3,4,3,3,3,4,4,4,4,4,4,4
"356",4,4,3,3,4,3,3,4,4,4,3,4,4,4
"357",2,4,4,4,1,2,2,3,3,2,3,4,4,4
"358",4,4,4,4,2,3,3,4,4,3,4,4,4,4
"359",3,3,3,4,3,2,2,3,3,3,4,3,3,4
"360",3,2,3,4,2,2,2,3,4,3,3,3,2,2
"361",3,2,3,4,2,2,2,4,3,3,3,3,2,3
"362",4,3,4,4,2,2,2,3,3,3,3,3,3,3
"363",4,3,2,3,3,3,3,3,3,3,4,4,4,4
"364",4,4,4,4,2,2,3,3,3,3,4,4,4,4
"365",3,3,3,3,2,2,1,2,4,4,4,4,4,4
"366",4,4,4,4,3,3,2,2,3,3,4,4,3,2
"367",4,3,4,4,3,3,3,3,4,3,4,4,4,4
"368",2,3,2,4,2,2,1,4,3,2,2,1,4,1
"369",3,3,3,3,3,3,3,3,3,3,3,3,3,3
"370",3,3,4,4,2,2,2,3,4,4,4,4,4,4
"371",4,2,3,3,3,3,3,3,3,4,4,4,4,3
"372",4,4,4,4,3,2,3,4,4,4,4,3,3,4
"373",3,4,3,4,2,1,1,3,3,3,4,4,4,4
"374",3,3,3,3,2,2,2,3,4,4,2,2,2,2
"375",4,4,4,4,4,3,3,4,3,3,4,3,4,4
"376",4,3,3,4,2,2,2,3,3,3,4,3,3,3
"377",3,2,4,3,2,1,2,2,2,3,3,4,4,4
"378",3,3,2,4,3,2,3,3,2,2,4,4,3,2
"379",3,3,4,4,2,2,3,4,3,4,4,4,3,4
"380",4,4,4,4,3,3,3,4,4,4,4,4,4,4
"381",4,3,4,4,3,3,3,4,4,4,4,4,4,4
"382",4,4,3,4,3,3,3,4,3,3,4,4,4,4
"383",4,4,4,4,3,3,4,4,3,3,4,4,4,4
"384",2,4,4,4,2,2,3,3,3,4,4,4,3,3
"385",2,2,2,3,1,1,1,2,2,3,3,2,2,3
"386",4,4,2,4,1,1,1,4,3,4,4,4,4,3
"387",4,4,4,4,3,2,3,3,4,4,4,4,4,4
"388",4,3,3,4,3,2,2,2,2,4,4,4,3,3
"389",4,4,4,3,3,3,3,3,4,3,4,3,4,4
"390",4,4,4,4,4,4,4,4,3,4,4,4,4,4
"391",4,3,3,3,2,2,3,3,3,3,3,4,4,4
"392",4,3,4,4,3,2,3,3,4,4,4,3,3,3
"393",3,4,4,4,2,1,1,2,3,3,4,4,4,4
"394",3,3,4,4,1,2,3,2,3,4,4,3,3,2
"395",4,4,4,4,4,4,3,4,4,4,4,4,4,4
"396",2,2,2,3,3,2,2,3,4,4,3,3,3,2
"397",2,3,3,4,2,1,2,2,3,4,4,4,4,4
"398",3,4,4,3,3,3,4,4,4,2,4,4,4,4
"399",4,4,3,3,3,2,4,3,2,2,4,4,3,4
"400",4,3,2,4,3,2,2,3,3,3,4,4,4,2
"401",4,4,3,4,3,2,2,3,4,4,4,4,4,3
"402",3,4,4,4,3,3,3,4,4,3,4,4,4,4
"403",4,3,3,3,3,3,4,3,4,4,4,4,4,4
"404",3,4,3,4,2,1,2,3,3,4,4,4,4,2
"405",4,4,4,4,3,2,3,2,4,4,3,4,4,4
"406",3,4,2,4,2,2,2,2,3,3,3,3,3,3
"407",4,3,3,3,3,3,4,2,2,3,4,4,4,4
"408",3,4,4,3,4,3,3,3,4,4,3,3,3,4
"409",4,4,4,4,3,2,3,4,4,4,4,4,4,4
"410",3,2,3,3,3,1,2,2,4,2,4,3,2,1
"411",4,3,4,4,3,3,3,3,4,4,4,4,4,4
"412",4,4,4,4,3,2,2,3,3,3,4,4,4,4
"413",4,3,3,3,3,3,3,3,4,4,4,4,3,3
"414",2,2,3,4,1,1,1,2,2,3,3,3,3,3
"415",4,4,4,4,4,4,4,4,4,4,4,3,3,4
"416",4,4,3,4,4,3,3,3,4,4,4,4,4,3
"417",4,4,4,4,3,2,3,4,4,4,3,3,3,3
"418",4,2,3,4,2,2,3,2,3,3,4,4,4,3
"419",4,4,4,4,3,3,3,4,4,4,4,4,4,4
"420",3,4,3,4,2,2,3,3,4,4,3,4,4,4
"421",4,4,4,4,4,4,4,3,4,4,4,4,4,3
"422",4,4,4,4,4,3,4,4,4,4,4,4,4,4
"423",3,3,4,4,2,2,2,3,3,3,3,4,4,3
"424",4,4,3,3,3,2,2,3,3,2,4,4,3,3
"425",3,4,4,4,2,2,2,2,2,3,4,4,4,4
"426",4,4,4,4,4,3,3,4,4,3,4,3,4,4
"427",4,4,4,4,3,2,3,3,4,4,4,4,4,4
"428",4,3,3,3,4,3,3,4,3,3,4,4,3,4
"429",4,4,4,4,4,3,3,4,4,4,4,4,4,3
"430",4,3,3,4,3,3,3,3,3,3,4,3,3,2
"431",4,4,4,4,3,4,3,4,3,3,4,4,4,3
"432",3,4,4,4,2,2,2,3,3,3,4,3,3,4
"433",2,3,3,4,2,1,2,3,3,3,4,4,3,1
"434",4,3,3,3,2,2,2,3,3,3,4,4,4,4
"435",3,3,3,3,3,3,3,2,2,3,3,4,4,3
"436",3,3,4,4,3,3,2,3,4,3,4,4,4,4
"437",4,3,3,4,3,3,3,3,4,3,4,3,3,3
"438",4,4,4,4,3,3,3,3,3,4,4,4,4,4
"439",4,4,4,4,3,3,3,4,4,4,4,4,4,4
"440",4,4,4,4,3,2,2,4,4,4,3,3,3,3
"441",4,3,3,4,2,3,2,1,3,4,3,4,4,3
"442",4,3,3,3,3,3,3,4,4,4,4,4,4,4
"443",4,4,4,4,4,4,4,4,4,4,4,4,4,4
"444",3,4,4,4,3,3,3,3,4,4,4,4,3,4
"445",3,3,4,4,3,2,2,3,4,4,4,4,4,4
"446",3,4,4,4,3,2,3,3,4,4,4,4,4,3
"447",3,3,4,3,4,3,4,2,4,2,4,4,4,4
"448",4,4,4,4,3,2,3,3,4,4,4,4,4,4
"449",4,4,4,4,3,3,3,4,4,3,4,4,4,4
"450",3,2,3,3,2,2,2,1,4,3,3,3,3,3
"451",4,4,4,4,3,3,3,2,3,4,3,4,4,4
"452",4,4,3,4,4,2,2,2,2,2,4,4,4,4
"453",4,4,4,4,4,4,4,4,3,3,4,4,4,4
"454",4,4,4,4,3,2,3,3,4,4,4,4,4,4
"455",3,4,4,4,2,2,3,2,4,4,4,4,4,4
"456",4,4,3,3,3,2,3,3,4,4,4,4,4,4
"457",3,3,4,4,1,2,3,3,2,2,3,3,2,3
"458",4,4,4,4,2,1,1,3,4,2,4,3,3,4
"459",4,3,4,4,4,4,4,2,4,3,4,4,4,4
"460",4,3,4,4,3,3,2,3,4,3,4,4,4,3
"461",4,2,4,3,1,2,2,3,2,2,3,4,4,4
"462",4,4,3,3,3,2,3,3,4,4,4,4,4,4
"463",4,4,4,4,3,3,3,3,4,3,4,4,4,4
"464",4,4,4,4,3,3,3,3,4,4,4,4,4,4
"465",4,4,4,4,4,4,3,4,4,4,4,4,4,4
"466",4,3,3,3,3,3,2,3,3,3,3,3,3,3
"467",3,3,4,4,3,2,3,2,3,2,3,4,4,3
"468",4,4,4,4,2,3,3,3,3,3,3,4,3,4
"469",4,4,4,3,4,4,4,3,3,4,4,4,4,4
"470",4,4,4,4,2,3,3,4,3,4,4,3,2,2
"471",3,3,4,4,3,1,3,2,4,4,4,4,3,4
"472",4,3,4,4,2,1,2,1,2,3,4,4,4,4
"473",4,3,4,4,2,2,3,3,4,4,3,3,4,3
"474",4,3,4,4,2,3,3,4,4,4,4,4,4,3
"475",3,4,4,4,3,2,2,3,4,3,4,4,4,4
"476",4,4,3,4,3,2,2,3,4,4,4,4,4,4
"477",2,3,4,4,4,4,4,3,4,3,2,3,2,3
"478",4,4,4,4,4,4,4,4,3,4,4,4,4,4
"479",2,3,2,4,2,3,2,2,2,3,3,2,3,2
"480",4,4,4,4,3,2,3,3,4,4,4,4,4,4
"481",4,4,4,4,4,3,4,3,4,4,4,4,4,4
"482",4,4,4,4,3,3,4,4,4,3,4,4,4,4
"483",4,3,4,4,3,2,3,2,2,3,4,2,3,3
"484",2,2,4,4,2,2,2,1,1,1,2,2,1,1
"485",4,4,4,4,3,4,3,4,3,3,3,4,4,3
"486",3,3,3,4,2,2,2,4,4,4,4,4,4,3
"487",3,2,1,4,3,1,1,2,3,3,3,2,2,1
"488",4,4,4,4,3,2,3,4,4,4,4,3,3,4
"489",3,4,4,4,2,1,2,2,3,3,4,2,3,3
"490",2,3,3,3,3,3,3,2,2,2,2,2,2,3
"491",4,4,2,2,3,2,2,3,3,4,4,4,4,4
"492",4,4,4,4,3,2,2,3,3,4,4,4,4,4
"493",3,4,4,4,4,3,4,3,4,4,4,4,3,4
"494",4,4,4,4,2,2,3,3,3,3,3,3,3,4
"495",3,4,4,4,2,2,2,2,2,2,4,4,3,4
"496",4,4,3,4,3,4,4,3,4,3,4,4,4,3
"497",3,3,4,4,2,2,3,3,3,3,4,4,4,4
"498",4,4,4,4,4,4,4,4,4,4,4,4,4,4
"499",2,3,2,4,3,2,2,2,1,4,2,2,2,2
"500",4,4,4,4,3,2,2,3,4,4,4,4,4,3
"501",3,3,4,4,3,2,2,2,2,2,4,4,3,3
"502",4,4,4,4,3,2,2,3,4,4,3,4,3,4
"503",3,4,4,4,4,4,3,4,4,4,3,2,3,4
"504",4,4,4,4,4,3,3,3,4,3,4,4,4,4
"505",4,4,4,4,3,3,3,4,4,4,4,3,3,4
"506",3,3,4,4,3,3,3,4,4,4,4,4,4,3
"507",3,3,3,4,2,2,2,2,3,3,4,3,3,2
"508",3,4,4,4,3,3,3,2,3,3,4,2,3,3
"509",3,3,3,4,2,2,1,3,3,3,3,4,4,4
"510",3,4,4,4,3,3,3,3,3,3,4,4,3,4
"511",4,4,4,4,4,3,3,4,4,4,4,4,4,4
"512",3,3,3,3,3,3,3,3,3,4,3,3,4,2
"513",4,4,3,4,4,3,4,3,4,4,4,4,4,2
"514",4,4,3,4,2,2,1,2,4,3,4,4,4,4
"515",4,3,4,4,3,2,2,4,4,2,4,4,3,3
"516",3,2,4,4,3,3,3,3,3,2,4,4,3,2
"517",3,4,4,3,2,2,3,2,4,4,4,4,4,4
"518",4,3,4,4,2,2,3,3,4,3,4,4,4,4
"519",4,4,4,4,3,2,3,4,4,4,4,4,4,4
"520",4,4,4,4,4,3,3,3,4,4,4,4,4,4
"521",3,2,3,4,2,2,2,3,4,4,3,4,3,3
"522",3,4,4,4,3,2,2,3,3,4,4,3,4,4
"523",3,2,4,4,3,3,4,3,3,3,4,3,3,1
"524",4,4,4,4,4,3,3,3,3,4,4,4,4,4
"525",4,4,4,4,3,2,3,4,4,4,4,4,4,4
"526",4,4,4,4,4,3,3,4,4,4,4,4,4,4
"527",4,4,3,3,3,3,3,3,4,3,4,3,3,4
"528",4,4,4,4,2,2,2,3,3,3,4,4,3,4
"529",4,4,4,3,3,3,2,3,4,4,4,4,4,4
"530",4,4,3,3,3,3,3,4,4,4,3,3,2,4
"531",3,3,4,4,3,2,3,3,4,2,4,4,4,4
"532",4,4,4,4,3,3,3,3,4,4,4,4,4,4
"533",3,3,4,4,2,2,2,3,3,3,2,1,2,3
"534",4,4,4,4,4,3,4,4,4,4,4,4,4,4
"535",3,4,4,4,2,2,2,2,4,3,4,4,4,4
"536",4,4,4,4,4,3,3,4,4,4,4,4,4,4
"537",4,4,4,4,3,2,2,3,3,3,4,4,4,2
"538",3,4,4,3,3,3,2,3,4,4,4,4,3,4
"539",3,3,4,4,3,3,3,4,3,3,4,3,3,3
"540",4,4,4,4,4,4,4,4,3,4,4,4,4,3
"541",4,4,4,4,3,3,3,3,4,3,4,4,4,3
"542",4,4,4,4,2,3,4,3,2,2,4,3,3,4
"543",4,4,3,3,4,3,3,3,4,4,4,4,4,4
"544",4,4,4,4,3,3,3,4,4,4,4,4,3,4
"545",4,4,4,4,3,3,4,4,4,4,4,4,4,4
"546",3,4,4,4,3,3,3,4,3,3,3,4,4,4
"547",4,4,4,4,2,2,3,3,4,3,4,4,4,3
"548",4,4,4,4,4,2,3,4,4,4,4,4,4,4
"549",4,4,4,4,4,4,4,4,4,4,4,4,4,4
"550",3,3,4,4,3,2,3,2,3,3,4,3,3,4
"551",4,4,4,4,3,3,3,4,4,4,4,4,4,4
"552",4,4,4,4,3,2,3,3,4,4,4,4,4,4
"553",4,4,4,4,4,3,4,3,3,4,4,4,4,4
"554",4,4,4,4,4,4,4,4,4,4,4,4,4,4
"555",3,4,3,4,3,3,3,4,4,4,4,4,4,4
"556",4,4,4,4,3,2,2,4,4,3,4,4,4,4
"557",4,4,4,4,3,2,2,4,4,4,4,4,4,4
"558",3,4,4,4,2,2,2,4,3,4,4,4,3,4
"559",3,3,3,4,2,2,2,3,2,3,3,3,3,3
"560",4,4,4,4,4,4,4,4,4,3,4,4,4,4
"561",3,3,4,4,4,4,4,2,3,2,4,4,4,3
"562",3,4,4,4,3,3,2,3,4,3,4,4,3,3
"563",4,3,3,3,3,3,2,3,3,4,3,3,3,3
"564",3,3,4,4,3,3,4,3,4,4,4,4,3,4
"565",3,4,4,4,4,3,2,4,2,4,4,2,2,4
"566",4,4,4,4,3,3,3,4,4,3,4,4,4,4
"567",3,3,4,4,2,2,2,4,4,4,4,4,3,2
"568",3,4,4,4,3,3,3,3,3,4,4,4,3,4
"569",3,4,4,4,2,2,2,4,4,4,4,4,4,4
"570",4,4,4,4,3,2,3,4,4,4,4,3,4,4
"571",4,4,4,4,3,3,3,3,4,4,2,3,4,3
"572",4,3,4,3,3,3,3,4,4,4,4,4,3,3
"573",4,4,4,4,3,3,3,3,4,4,4,3,4,3
"574",4,4,4,4,4,3,3,2,4,4,4,4,3,2
"575",4,4,4,4,4,4,4,4,4,4,4,4,4,4
"576",4,4,4,4,3,2,3,3,4,4,4,4,4,4
"577",3,3,2,3,1,2,2,3,3,3,3,3,3,3
"578",4,4,4,4,3,3,3,3,4,3,4,4,4,4
"579",4,4,4,4,2,2,3,2,4,4,4,4,4,2
"580",4,4,4,4,3,2,3,4,4,4,3,4,4,4
"581",3,3,3,3,2,2,2,1,3,1,3,2,2,2
"582",3,4,3,3,2,2,2,2,4,2,4,4,3,2
"583",4,4,4,4,3,2,2,4,4,4,4,3,3,3
"584",2,4,3,3,1,1,1,2,3,3,4,4,3,2
"585",3,4,4,4,2,2,2,3,4,2,4,4,4,3
"586",2,2,3,3,2,2,2,2,2,2,3,3,3,3
"587",4,4,4,4,3,4,3,3,3,4,4,3,4,3
"588",4,4,4,4,2,2,2,4,4,4,4,4,4,4
"589",2,4,4,3,2,2,2,3,4,3,4,4,4,4
"590",4,3,3,4,3,2,2,3,4,4,4,4,4,3
"591",2,2,3,3,2,3,4,2,2,4,2,2,3,2
"592",4,3,4,4,3,4,3,3,4,3,4,4,2,3
"593",4,4,4,4,3,3,3,3,4,4,4,4,3,3
"594",4,4,3,4,3,2,3,3,3,2,3,4,3,3
"595",4,4,4,4,3,3,4,4,4,4,4,4,4,4
"596",4,3,4,4,4,3,3,3,4,4,2,3,3,3
"597",4,4,4,3,3,2,3,4,4,4,3,3,3,4
"598",3,3,2,4,2,2,3,2,2,4,4,2,2,3
"599",3,2,3,3,2,2,2,3,4,4,3,4,4,4
"600",3,3,3,3,3,3,3,2,2,2,4,4,4,4
"601",3,2,4,4,3,3,3,3,3,3,4,4,1,1
"602",4,4,4,4,3,2,2,3,4,4,4,4,4,3
"603",4,4,4,4,4,4,4,3,4,4,4,4,4,4
"604",4,4,4,4,4,3,3,3,4,3,4,4,4,3
"605",3,3,4,4,3,3,3,3,3,2,4,4,4,4
"606",4,4,4,4,4,3,3,3,4,4,4,4,4,4
"607",3,4,4,3,3,3,3,4,4,4,4,4,4,4
"608",4,4,3,3,4,3,3,4,4,4,4,4,4,4
"609",4,4,4,4,3,2,3,4,4,3,4,4,4,4
"610",3,3,4,4,3,2,2,2,4,4,4,4,4,3
"611",3,3,4,4,2,2,3,3,4,4,4,3,3,3
"612",3,4,4,4,3,1,2,3,4,3,3,3,4,4
"613",2,3,3,4,2,1,2,2,3,2,3,3,3,3
"614",3,4,4,4,2,3,3,3,3,3,4,3,3,3
"615",4,4,4,4,4,3,3,4,4,4,3,4,3,4
"616",3,2,3,4,2,2,2,4,4,4,4,4,3,3
"617",4,4,2,4,4,4,4,3,4,3,3,2,3,4
"618",1,4,4,4,1,1,1,2,4,4,4,2,1,4
"619",3,3,4,3,2,2,3,4,4,4,4,3,4,4
"620",4,4,4,4,3,3,3,4,4,4,4,4,4,4
"621",3,3,4,4,2,2,2,3,4,3,4,4,3,4
"622",3,3,3,3,3,2,3,2,3,3,4,4,4,4
"623",4,2,3,4,2,1,4,3,3,4,4,3,4,3
"624",3,3,4,4,2,3,2,3,3,4,3,4,4,4
"625",4,4,3,4,4,3,3,4,4,4,4,4,4,4
"626",3,2,3,2,2,1,2,3,4,4,4,4,3,3
"627",4,3,3,4,3,2,2,2,4,4,4,4,3,3
"628",4,3,4,4,3,2,2,3,4,4,4,3,3,3
"629",4,3,4,4,3,2,3,3,4,3,4,4,4,3
"630",4,4,4,4,4,3,3,3,4,4,4,4,4,4
"631",4,4,4,4,4,3,3,4,4,4,4,4,4,4
"632",4,4,4,4,4,3,4,3,4,4,4,4,4,4
"633",4,3,3,3,3,3,3,3,3,4,4,4,3,3
"634",3,3,2,4,3,2,3,3,4,3,4,3,2,2
"635",4,4,4,4,3,3,3,4,4,4,4,4,4,4
"636",4,4,4,4,4,4,3,4,3,3,4,4,4,4
"637",4,4,4,4,3,3,3,4,4,4,4,4,4,4
"638",3,4,4,4,2,2,2,2,2,2,4,4,3,4
"639",4,4,3,3,3,2,2,3,3,3,3,3,3,3
"640",3,4,4,4,3,2,2,3,2,2,4,4,4,3
"641",3,3,4,3,3,3,3,2,3,2,4,3,3,4
"642",4,4,4,4,4,4,4,4,4,4,4,4,4,4
"643",2,3,2,3,2,1,2,2,3,2,4,3,3,3
"644",3,3,4,4,3,1,2,3,4,3,4,4,4,3
"645",3,2,2,3,2,2,2,3,4,4,4,4,4,4
"646",4,4,4,4,4,4,4,4,4,4,4,4,4,4
"647",4,4,4,4,3,2,2,2,4,4,4,3,3,4
"648",3,3,3,4,3,2,2,4,4,4,4,4,3,3
"649",4,4,4,4,4,3,4,3,3,4,3,4,4,4
"650",3,4,4,4,4,4,4,2,3,2,4,4,4,4
"651",4,4,4,4,3,3,3,3,3,4,4,4,4,3
"652",3,2,2,3,3,3,3,3,3,4,3,3,3,1
"653",3,3,3,3,3,3,3,3,3,3,3,3,3,3
"654",4,3,4,4,3,3,3,4,4,4,4,4,3,3
"655",4,3,4,4,2,3,3,2,3,3,4,3,4,4
"656",3,3,3,3,3,3,3,3,3,4,3,3,3,4
"657",3,4,4,4,3,3,2,3,4,4,4,4,4,4
"658",4,4,4,4,4,3,3,3,4,4,4,4,3,4
"659",3,4,4,4,2,2,2,2,4,4,4,3,3,4
"660",3,3,3,3,2,2,2,2,3,3,4,3,3,3
"661",4,3,3,3,2,2,3,3,4,4,2,4,3,3
"662",4,4,4,4,3,3,4,4,4,4,4,4,4,4
"663",3,4,4,4,1,1,1,4,4,4,4,4,4,3
"664",3,3,3,3,2,3,3,3,3,4,4,3,2,3
"665",4,4,4,4,4,3,3,4,4,4,4,4,4,4
"666",3,4,4,4,2,2,2,3,3,4,4,4,3,4
"667",3,3,4,4,2,2,2,4,4,3,3,3,4,3
"668",4,4,4,4,2,2,4,4,2,3,4,4,4,4
"669",4,4,4,4,3,2,1,3,2,3,2,4,4,4
"670",3,3,2,3,2,2,2,2,2,2,4,3,3,2
"671",4,4,4,3,3,3,3,4,4,4,4,4,4,4
"672",4,3,3,2,3,3,3,3,3,4,3,3,4,3
"673",2,4,4,4,4,2,2,2,3,2,4,3,2,1
"674",3,4,4,1,3,3,3,4,4,4,4,4,4,3
"675",4,4,3,4,3,2,4,4,4,4,4,4,4,3
"676",3,2,2,3,2,2,2,2,4,4,3,4,3,4
"677",3,4,4,4,3,3,3,3,3,4,3,4,4,3
"678",4,3,3,3,2,2,3,3,3,3,4,4,3,3
"679",4,4,3,3,3,2,3,2,2,3,4,4,4,3
"680",2,3,3,4,1,1,1,2,3,3,4,3,4,1
"681",4,4,4,3,4,3,3,4,4,3,4,4,3,4
"682",3,2,2,3,2,2,2,3,3,3,3,3,3,3
"683",4,4,4,3,2,2,3,4,4,3,4,3,3,3
"684",4,4,4,3,2,2,4,3,4,4,4,4,4,3
"685",3,3,3,4,2,1,2,2,4,3,3,4,3,2
"686",4,3,3,3,3,3,3,3,3,3,4,4,4,4
"687",4,4,3,3,3,3,3,2,4,4,4,4,3,4
"688",4,3,4,4,3,3,3,3,4,3,4,4,4,4
"689",4,4,4,4,4,4,3,4,4,4,4,4,3,4
"690",3,2,2,3,3,2,2,4,4,4,3,3,2,2
"691",4,4,4,4,4,3,3,4,3,4,4,4,4,4
"692",3,3,4,4,2,2,2,3,4,4,4,4,4,3
"693",4,3,3,4,4,2,4,3,4,4,2,3,4,3
"694",2,3,3,4,1,1,1,1,1,3,3,3,3,2
"695",4,4,3,3,3,3,3,4,4,4,4,4,4,3
"696",4,4,4,4,3,3,3,3,4,4,4,4,4,4
"697",4,4,3,4,2,1,2,3,3,3,4,4,4,4
"698",4,4,4,4,3,4,4,4,3,3,4,4,4,4
"699",3,4,4,4,2,2,2,3,3,3,4,4,4,4
"700",4,4,4,4,3,3,2,3,4,4,4,4,4,4
"701",3,2,4,4,3,3,4,3,3,2,4,3,2,3
"702",4,4,4,4,4,4,3,4,4,4,4,4,4,4
"703",3,3,4,4,2,2,2,3,4,4,4,4,4,2
"704",2,2,3,4,3,3,3,2,4,4,4,3,2,2
"705",4,4,4,4,4,3,2,4,4,4,4,4,4,4
"706",3,3,4,4,2,1,1,3,3,2,4,4,4,4
"707",4,4,4,3,2,1,1,3,4,3,4,4,4,4
"708",4,4,4,4,3,3,4,3,4,4,4,4,4,4
"709",4,4,4,4,3,2,3,3,4,4,4,3,3,4
"710",4,3,4,4,4,3,3,4,4,4,4,4,4,4
"711",4,4,4,4,4,2,3,4,4,4,4,4,4,4
"712",4,4,4,4,3,3,3,4,4,3,4,4,4,4
"713",4,4,4,4,3,2,2,2,3,2,4,4,3,4
"714",3,3,4,3,2,2,2,2,3,3,4,4,4,3
"715",4,4,4,4,2,2,2,3,3,3,4,4,4,4
"716",3,4,4,4,3,2,2,3,4,2,4,4,3,3
"717",3,4,4,4,3,4,4,3,3,3,4,3,3,4
"718",3,3,3,4,2,2,2,4,4,4,4,4,4,3
"719",3,3,4,4,2,2,2,3,4,3,4,4,4,4
"720",4,4,4,4,3,3,3,4,4,4,4,4,4,4
"721",4,4,4,4,4,4,3,4,4,4,4,4,4,4
"722",4,4,4,4,4,3,3,2,4,4,4,3,3,3
"723",4,4,4,4,3,3,3,3,3,4,4,4,3,4
"724",3,4,4,4,2,2,2,4,4,4,4,4,4,3
"725",4,3,4,4,4,3,4,4,4,4,3,4,4,4
"726",4,4,4,4,2,2,2,2,2,3,3,4,4,4
"727",4,4,4,4,3,4,4,4,4,3,3,4,3,2
"728",4,4,4,4,3,4,3,4,4,3,3,4,4,3
"729",3,3,3,3,3,4,4,2,3,3,4,4,4,4
"730",3,4,4,4,2,2,2,3,4,4,4,4,4,4
"731",3,4,4,4,1,1,1,2,4,4,4,2,3,4
"732",4,4,4,4,3,2,2,3,4,4,4,4,4,4
"733",4,3,4,4,3,2,2,3,3,4,4,3,4,4
"734",4,4,4,4,3,3,2,4,4,4,4,4,4,4
"735",3,4,4,4,3,3,3,3,3,3,3,3,3,3
"736",4,4,3,4,3,2,2,3,4,4,4,4,3,3
"737",4,3,3,3,3,3,3,3,3,3,3,4,4,3
"738",3,3,3,4,3,3,3,3,3,3,3,3,3,3
"739",4,4,4,4,4,3,3,3,4,4,4,4,4,4
"740",4,4,3,3,3,3,3,3,4,4,4,4,4,4
"741",4,3,3,3,3,2,3,3,4,4,3,3,3,3
"742",4,4,4,4,4,3,3,3,3,3,4,4,4,4
"743",4,4,4,4,4,2,4,4,4,4,4,4,3,4
"744",4,4,4,4,4,4,4,4,4,4,4,4,4,4
"745",4,4,3,4,4,4,4,4,4,4,4,4,3,4
"746",3,4,4,4,3,3,3,4,4,2,4,3,3,3
"747",4,4,4,4,3,3,3,4,4,4,4,4,4,4
"748",4,4,4,4,3,3,3,3,4,4,4,4,3,4
"749",4,4,3,4,3,3,4,3,4,4,4,4,4,3
"750",2,3,2,3,3,3,3,2,2,3,4,4,4,3
"751",4,4,4,4,4,1,4,4,4,4,3,4,4,4
"752",4,4,4,4,3,2,2,2,4,4,4,4,4,4
"753",4,4,4,4,3,4,3,4,4,4,3,4,4,4
"754",3,4,3,3,3,3,3,3,3,3,4,4,4,2
"755",4,4,4,4,4,4,3,4,4,4,4,4,4,4
"756",4,4,3,4,2,2,3,3,4,4,4,4,4,4
"757",4,4,4,4,3,2,2,3,4,3,4,4,3,3
"758",4,4,4,4,4,3,3,3,4,4,4,4,4,4
"759",3,2,2,3,3,3,4,4,4,3,3,4,3,3
"760",4,4,4,4,3,3,3,4,4,4,4,4,4,4
"761",2,1,3,2,1,1,2,3,3,3,3,3,3,1
"762",3,3,4,3,2,1,2,3,4,4,4,4,4,4
"763",2,3,4,4,2,2,2,1,4,4,4,4,2,1
"764",4,4,3,4,3,3,3,2,4,2,4,4,4,4
"765",4,4,4,4,3,3,4,3,3,4,4,4,4,4
"766",4,4,4,4,4,3,4,4,4,4,4,4,4,4
"767",2,1,3,3,1,1,1,3,4,4,4,3,3,3
"768",4,4,4,4,2,3,3,3,4,4,4,4,4,4
"769",3,3,3,3,3,2,2,3,3,3,3,3,3,3
"770",4,4,4,4,3,3,3,4,4,4,4,4,4,3
"771",4,4,3,4,4,3,3,3,2,4,2,4,3,4
"772",3,3,3,3,2,2,2,3,2,3,4,3,3,3
"773",4,4,4,4,3,2,3,3,4,4,4,4,4,4
"774",3,3,4,3,3,3,3,3,3,3,4,4,4,3
"775",3,3,3,3,2,3,3,2,2,4,3,3,3,3
"776",4,4,4,3,4,4,4,4,4,4,4,4,4,4
"777",3,3,3,4,3,3,3,3,3,3,3,4,4,3
"778",4,4,4,4,3,2,4,4,4,4,4,4,4,4
"779",3,3,3,4,3,2,2,4,4,4,4,4,3,3
"780",4,4,3,4,3,2,3,4,4,4,4,4,4,4
"781",4,3,3,3,3,3,3,3,3,3,3,3,3,3
"782",2,2,3,4,2,2,3,2,2,3,3,2,2,2
"783",3,4,4,4,2,2,2,3,4,4,4,4,3,3
"784",3,3,3,3,1,1,1,4,4,4,3,3,3,3
"785",3,3,3,2,2,2,2,3,3,3,4,2,2,3
"786",4,3,3,4,2,3,4,4,4,4,4,4,4,3
"787",4,3,3,4,4,3,4,3,4,4,4,4,3,4
"788",3,3,3,2,2,2,3,2,3,3,4,3,2,2
"789",3,3,3,3,3,2,2,2,4,3,3,3,4,3
"790",4,4,4,4,4,4,4,4,3,3,4,4,4,3
"791",3,3,3,3,2,2,1,3,3,4,4,4,4,4
"792",4,4,4,4,3,2,3,2,4,4,4,4,4,2
"793",3,4,4,4,2,3,2,3,4,4,3,4,4,4
"794",4,3,3,3,2,2,2,3,4,4,3,4,3,3
"795",3,4,4,3,3,2,2,3,4,3,4,4,4,4
"796",4,4,4,4,2,2,3,4,4,4,4,4,3,3
"797",4,4,4,4,3,1,2,4,4,4,4,4,4,4
"798",3,4,4,4,4,4,4,2,3,4,4,4,4,4
"799",4,4,4,4,3,2,2,3,4,4,4,4,4,3
"800",4,4,4,4,4,4,4,3,2,4,4,4,4,4
"801",4,4,4,4,3,3,3,4,4,4,4,4,3,4
"802",3,4,4,4,2,3,3,2,3,3,3,3,3,2
"803",4,3,4,4,4,4,4,4,4,4,4,4,4,4
"804",3,3,3,3,2,1,2,3,4,3,4,4,4,4
"805",4,4,4,4,3,3,3,4,4,3,4,4,4,4
"806",4,3,4,4,2,2,2,2,4,4,4,4,4,2
"807",2,2,3,4,2,1,1,1,3,3,4,3,3,2
"808",3,4,4,4,3,2,3,3,4,3,4,4,4,4
"809",4,3,3,3,3,2,2,3,4,4,4,4,4,3
"810",4,3,3,4,3,3,3,4,4,4,4,3,3,4
"811",4,4,4,4,3,3,4,4,4,4,3,4,4,4
"812",3,4,4,4,3,2,3,2,2,3,4,3,3,2
"813",2,3,3,4,3,3,3,3,4,4,4,2,2,3
"814",3,3,3,3,2,1,2,2,3,4,4,4,3,3
"815",3,4,4,4,4,3,3,3,3,3,4,4,3,4
"816",4,4,4,4,3,2,3,3,4,4,4,4,4,4
"817",4,4,4,4,3,2,3,3,3,3,4,4,3,4
"818",3,3,3,4,2,3,2,3,4,4,2,4,4,3
"819",4,4,4,4,3,3,3,4,4,2,4,4,4,4
"820",3,3,4,4,1,1,1,3,4,4,4,3,3,3
"821",4,2,3,4,4,4,4,3,4,4,4,3,3,4
"822",4,4,4,4,3,3,4,3,4,2,4,4,4,3
"823",3,4,4,4,3,3,3,3,3,3,4,3,4,3
"824",3,3,4,3,3,3,4,3,3,3,4,4,4,3
"825",4,4,4,4,3,2,2,2,2,3,4,4,3,3
"826",4,4,4,4,4,4,4,4,4,4,3,4,3,4
"827",4,3,3,4,2,4,3,3,3,3,4,4,3,4
"828",3,4,4,4,2,2,2,2,2,3,4,3,3,3
"829",4,4,4,4,4,4,4,4,4,4,4,4,4,4
"830",4,4,4,4,2,1,1,3,4,3,3,2,2,4
"831",4,4,4,4,3,3,4,3,3,4,4,4,4,4
"832",4,4,4,4,3,3,4,2,4,4,4,4,4,4
"833",4,4,4,4,3,3,3,4,4,4,4,4,4,4
"834",4,4,4,4,3,3,2,4,4,4,4,3,3,4
"835",4,4,4,3,3,3,3,3,3,4,4,4,4,4
"836",3,4,3,4,2,2,4,4,4,3,4,4,3,4
"837",4,4,4,4,3,3,3,4,4,4,4,4,4,4
"838",4,4,4,4,4,3,4,4,4,4,4,4,4,4
"839",3,3,4,4,2,2,3,3,4,4,4,4,3,3
"840",3,4,4,4,2,2,1,4,4,4,4,4,4,4
"841",3,3,3,3,2,1,1,3,2,3,4,3,3,3
"842",3,3,4,3,4,4,4,4,4,4,4,3,4,3
"843",4,4,4,4,3,3,3,4,4,4,4,4,4,2
"844",2,3,4,4,2,2,1,3,3,4,4,4,3,3
"845",3,3,4,4,3,2,2,3,4,4,3,3,3,3
"846",4,4,4,4,3,3,3,4,4,4,4,4,4,4
"847",4,4,4,4,4,4,4,4,4,4,4,4,4,4
"848",3,3,3,3,2,2,2,4,3,4,4,4,4,4
"849",3,3,4,4,2,2,3,3,2,4,4,4,3,3
"850",4,4,4,4,3,3,3,4,4,4,4,4,4,4
"851",3,3,3,3,2,3,3,4,4,4,4,4,4,3
"852",4,4,4,4,4,2,2,3,4,3,4,4,3,4
"853",3,4,4,4,3,2,3,3,3,3,4,4,4,4
"854",3,2,2,3,4,1,2,3,3,4,3,3,2,2
"855",3,3,4,4,2,2,2,3,4,4,4,3,4,3
"856",4,3,4,3,3,2,2,4,4,4,4,4,3,3
"857",3,3,4,4,2,2,3,2,2,2,4,3,3,4
"858",3,3,2,4,3,2,3,4,3,4,4,4,3,4
"859",2,3,3,4,2,2,3,2,2,2,2,2,2,2
"860",4,4,4,4,3,2,2,4,4,4,4,4,3,4
"861",2,2,3,4,3,3,3,2,3,3,4,4,2,3
"862",4,3,4,4,2,2,2,4,3,3,4,4,4,4
"863",3,3,3,3,2,2,3,2,3,3,4,4,4,3
"864",2,3,3,3,3,2,1,3,3,3,3,3,2,3
"865",3,4,4,4,3,3,3,4,4,4,4,4,4,4
"866",4,4,3,4,3,2,2,3,4,4,4,4,4,4
"867",4,4,4,4,3,2,2,3,4,3,4,4,4,4
"868",3,3,4,4,3,2,2,3,4,3,3,3,3,3
"869",4,4,4,4,2,2,2,4,4,4,4,4,4,4
"870",3,4,3,3,3,4,2,3,3,2,4,4,4,4
"871",2,3,3,3,1,1,1,2,2,3,2,3,3,2
"872",3,4,4,4,3,2,3,3,3,3,4,3,4,4
"873",4,4,4,4,3,4,4,4,4,4,4,4,4,4
"874",4,4,4,4,3,3,3,3,4,4,4,4,3,4
"875",3,4,4,4,4,3,3,4,4,4,4,3,3,4
"876",3,4,3,4,3,2,3,3,3,3,3,4,4,4
"877",3,4,2,4,2,2,3,3,3,4,4,4,4,4
"878",4,4,3,3,3,2,2,2,4,3,4,4,4,4
"879",4,4,4,4,3,2,4,4,4,3,4,4,4,4
"880",4,4,4,4,2,2,2,3,4,4,4,4,4,4
"881",4,3,3,3,3,2,3,3,3,3,3,4,3,4
"882",4,4,4,4,3,3,4,4,4,4,4,3,3,4
"883",4,4,4,4,3,3,4,4,4,4,4,4,4,4
"884",4,3,4,4,3,2,3,3,3,4,3,4,3,3
"885",4,4,4,4,3,3,4,4,3,3,4,4,4,4
"886",4,4,3,2,3,2,3,4,3,3,4,4,4,3
"887",4,4,4,4,3,2,4,3,4,3,4,4,4,3
"888",4,4,4,4,2,3,2,4,4,3,4,4,4,4
"889",4,4,3,4,3,2,3,3,4,4,4,4,4,4
"890",4,4,4,4,3,3,3,4,4,4,4,4,4,4
"891",3,3,3,3,3,3,2,3,2,4,3,3,3,3
"892",3,3,3,4,2,2,2,3,4,4,4,3,2,3
"893",4,3,4,4,3,3,4,3,4,4,4,3,4,4
"894",4,3,4,4,3,3,2,4,4,4,4,4,4,3
"895",2,2,3,3,2,2,2,2,2,2,2,3,3,2
"896",4,4,4,4,3,2,3,3,4,3,4,4,4,3
"897",4,4,3,4,4,3,4,4,4,3,4,4,4,3
"898",3,3,4,4,2,2,2,2,3,4,4,4,3,4
"899",4,4,4,3,4,4,4,4,4,4,4,4,4,4
"900",1,1,1,4,1,1,1,1,4,4,4,1,1,1
"901",4,3,4,4,4,4,3,4,4,4,4,4,4,4
"902",4,4,4,4,2,2,2,4,4,4,4,3,4,4
"903",4,3,3,3,3,3,3,3,3,4,4,4,3,2
"904",2,4,3,3,3,4,4,3,3,4,4,3,3,3
"905",4,4,3,2,3,2,2,3,4,3,4,4,4,3
"906",3,3,4,4,3,3,3,3,4,4,3,3,3,2
"907",4,4,3,4,1,2,2,4,4,4,4,3,3,4
"908",2,3,4,4,1,1,1,4,4,4,4,3,4,4
"909",4,3,2,3,2,3,3,3,3,4,3,3,3,3
"910",2,3,4,4,3,1,2,3,4,4,3,2,3,3
"911",4,4,4,4,3,3,3,3,4,4,4,4,4,4
"912",4,4,4,4,3,3,2,3,3,4,4,4,3,3
"913",4,3,2,3,3,3,3,3,3,3,4,4,4,3
"914",4,4,3,4,3,3,2,2,3,3,4,3,4,4
"915",3,4,4,4,4,3,3,4,4,4,4,4,4,4
"916",4,4,4,4,4,3,3,4,3,4,4,4,4,4
"917",4,4,4,4,3,2,3,3,4,3,4,4,3,3
"918",4,4,4,4,4,3,3,3,4,4,4,4,4,4
"919",3,3,3,2,3,2,2,3,4,3,4,4,4,3
"920",3,3,3,4,3,4,4,2,3,4,4,3,3,4
"921",4,4,4,4,3,3,2,3,4,4,4,4,4,4
"922",4,4,4,4,4,4,4,4,4,4,4,4,4,4
"923",4,4,4,4,4,3,4,4,4,4,4,4,4,4
"924",4,4,3,4,3,3,3,4,4,4,4,4,4,4
"925",4,4,4,4,2,2,3,4,3,4,4,4,4,4
"926",3,4,4,4,3,3,4,3,4,4,4,4,4,4
"927",3,4,4,3,2,2,3,4,4,3,4,4,4,3
"928",4,4,4,3,4,3,3,4,4,4,4,4,4,4
"929",3,2,2,3,3,1,3,3,4,4,4,4,3,3
"930",4,4,3,3,3,3,3,3,4,4,4,4,4,4
"931",3,4,4,4,3,3,3,2,2,2,4,3,3,3
"932",4,4,4,4,2,2,3,2,4,3,4,4,4,4
"933",4,4,4,4,3,3,3,4,4,4,4,4,4,4
"934",3,3,3,3,3,3,3,3,3,4,4,3,3,4
"935",3,4,3,3,1,2,2,4,3,4,3,3,3,3
"936",4,4,4,4,3,2,2,3,4,4,4,4,4,3
"937",4,4,4,4,4,4,4,4,4,4,4,4,4,4
"938",3,3,3,4,2,1,2,4,4,4,4,4,4,4
"939",4,4,4,4,3,3,3,4,4,4,4,4,3,3
"940",4,4,4,4,3,2,3,3,4,4,4,4,4,4
"941",3,4,4,3,2,2,3,2,1,2,3,2,4,4
"942",4,3,4,4,3,2,2,4,4,3,4,4,4,4
"943",4,4,4,4,4,3,4,4,4,4,4,4,4,4
"944",3,3,4,4,2,3,2,2,3,3,2,2,3,2
"945",3,3,3,3,3,3,2,3,3,3,3,4,3,3
"946",3,3,4,4,3,3,3,3,4,4,4,4,3,3
"947",4,4,4,4,3,3,4,2,4,4,4,4,4,3
"948",3,4,4,4,4,4,3,4,4,4,4,4,4,4
"949",4,4,4,4,4,4,4,3,4,4,4,4,4,4
"950",3,4,4,4,4,3,3,2,3,4,4,3,3,4
"951",4,4,2,4,2,2,2,3,2,4,4,4,3,2
"952",4,4,4,4,2,3,3,4,4,4,4,3,3,3
"953",4,4,4,4,4,4,4,4,4,4,4,4,4,4
"954",4,4,3,3,3,2,3,4,4,4,3,4,3,3
"955",4,4,4,4,3,2,2,2,4,4,4,4,4,4
"956",4,4,4,4,3,2,2,4,4,4,3,4,4,4
"957",3,4,3,3,3,2,2,3,4,4,4,4,4,4
"958",4,4,4,4,4,3,3,4,4,4,4,4,4,4
"959",4,4,4,4,3,3,4,4,3,4,4,4,4,4
"960",3,2,3,3,2,2,2,2,3,3,3,3,2,3
"961",4,4,3,3,4,3,3,3,4,4,3,4,3,4
"962",4,4,3,3,3,3,3,4,4,4,4,4,4,4
"963",4,4,4,3,3,3,3,4,4,4,4,4,4,4
"964",4,3,4,4,1,3,3,4,4,4,4,4,4,4
"965",4,3,4,4,3,3,3,3,4,4,4,4,4,3
"966",4,4,4,4,3,4,4,3,3,2,4,3,3,4
"967",4,4,4,4,4,4,4,4,4,4,4,4,4,4
"968",4,4,4,4,3,2,3,3,4,4,3,4,4,4
"969",4,3,4,4,3,2,2,3,4,3,4,4,4,3
"970",4,4,4,3,3,3,3,3,3,3,4,3,3,4
"971",3,4,4,4,3,3,3,4,4,4,4,4,4,4
"972",4,3,3,3,3,3,3,3,3,4,4,4,3,3
"973",4,4,4,4,4,3,3,3,4,4,4,4,4,4
"974",4,4,4,4,4,4,4,3,4,3,4,4,3,4
"975",4,4,3,4,3,3,3,4,4,4,4,3,3,3
"976",4,4,4,4,3,3,3,3,4,4,4,4,4,4
"977",4,4,4,4,3,3,3,3,3,4,4,4,4,4
"978",4,4,4,4,3,3,3,3,4,4,4,4,4,4
"979",4,4,4,4,3,2,2,3,4,4,4,4,3,4
"980",4,3,4,4,4,2,3,4,3,4,2,4,2,2
"981",4,4,4,3,4,4,4,3,4,3,4,4,4,3
"982",4,4,4,4,1,1,1,4,4,4,4,4,4,4
"983",4,4,3,4,3,3,3,3,4,4,4,4,4,4
"984",4,4,4,4,3,2,3,4,4,4,4,4,4,4
"985",3,2,3,4,2,2,3,3,4,4,2,3,3,4
"986",4,4,4,4,4,3,3,4,4,4,4,4,4,4
"987",3,4,4,4,2,2,2,3,4,4,4,4,4,4
"988",4,4,4,4,4,4,4,4,4,3,4,4,4,4
"989",3,4,3,3,3,2,3,3,3,3,3,3,3,3
"990",3,3,4,4,3,1,2,2,3,4,4,4,4,3
"991",4,4,4,4,3,4,4,3,4,4,4,4,4,4
"992",3,3,4,4,2,1,2,3,4,4,4,4,4,3
"993",4,3,4,4,3,3,3,4,4,4,4,4,4,4
"994",3,4,3,3,2,2,2,3,3,3,4,4,4,4
"995",4,3,4,4,3,3,3,3,4,4,4,4,4,4
"996",4,4,3,3,3,2,2,3,3,3,4,4,4,4
"997",4,4,4,4,4,4,4,3,4,4,4,4,4,4
"998",4,3,4,4,4,4,4,3,3,3,3,4,3,3
"999",2,3,3,4,2,2,2,3,4,3,3,4,3,4
"1000",4,3,4,4,3,3,3,3,4,4,4,4,4,4
"1001",4,4,4,4,2,2,3,4,3,3,4,4,4,4
"1002",3,4,4,4,2,3,3,3,4,3,4,3,3,4
"1003",3,3,4,3,2,2,3,3,3,4,2,2,2,4
"1004",4,4,4,4,3,4,3,4,3,3,3,4,4,4
"1005",4,4,4,3,4,3,4,4,4,4,4,4,4,4
"1006",4,3,4,3,3,2,3,4,4,4,3,4,3,3
"1007",4,4,4,4,1,1,2,2,3,1,4,3,3,3
"1008",3,4,4,4,2,2,2,3,3,3,4,4,3,4
"1009",3,3,3,4,2,2,3,3,4,3,4,4,3,3
"1010",3,4,4,4,2,1,2,2,4,3,3,3,3,3
"1011",4,3,4,4,3,3,4,3,4,3,4,4,4,4
"1012",3,3,2,4,2,1,2,2,4,4,4,2,2,2
"1013",3,3,3,3,3,2,2,3,3,4,4,4,4,2
"1014",4,4,4,4,3,3,2,3,4,4,4,4,4,4
"1015",2,3,2,4,2,1,2,2,4,3,3,2,2,3
"1016",4,4,3,4,4,4,4,4,4,4,4,4,4,4
"1017",4,4,4,4,3,2,3,3,4,4,4,4,4,4
"1018",3,4,3,3,3,2,2,4,4,4,4,3,3,3
"1019",4,4,4,4,2,1,2,3,4,4,4,3,4,4
"1020",1,4,4,4,4,4,4,4,4,4,4,4,4,4
"1021",3,4,3,4,2,2,2,2,3,2,3,4,3,3
"1022",4,4,4,4,3,3,3,3,3,3,4,4,4,3
"1023",4,3,3,3,4,3,3,2,3,4,4,3,3,2
"1024",4,4,4,4,3,3,2,2,3,3,3,3,2,4
"1025",3,4,4,4,4,4,4,3,3,4,4,4,4,3
"1026",4,4,4,4,3,4,4,4,4,4,4,4,3,4
"1027",4,3,4,3,3,2,3,4,4,3,4,4,3,4
"1028",3,2,2,4,2,1,2,2,2,3,3,3,3,2
"1029",4,4,4,4,1,1,2,3,4,4,4,4,4,4
"1030",4,4,4,4,4,4,4,4,3,3,4,4,4,4
"1031",4,4,4,4,4,4,4,3,4,4,4,4,4,4
"1032",4,4,4,4,3,3,4,3,4,4,4,4,2,1
"1033",2,4,2,4,2,2,2,3,4,4,4,4,4,4
"1034",4,4,4,4,3,3,3,4,4,4,4,4,4,4
"1035",4,4,3,3,3,4,4,3,4,4,4,3,3,4
"1036",4,4,4,3,4,3,3,3,4,4,4,4,3,3
"1037",4,3,4,4,2,2,1,2,3,2,2,3,3,2
"1038",2,3,3,3,2,2,1,2,3,4,4,3,1,1
"1039",4,4,4,4,4,4,4,4,4,4,4,4,4,4
"1040",3,3,3,3,3,3,2,3,3,2,3,3,2,3
"1041",4,4,4,4,3,2,2,4,4,4,4,4,4,4
"1042",3,3,3,4,2,2,3,3,2,3,4,3,3,3
"1043",4,3,3,4,3,3,4,3,3,3,4,4,3,3
"1044",4,4,3,4,4,3,4,4,4,4,4,4,4,4
"1045",3,4,3,3,4,3,4,3,3,4,4,3,4,3
"1046",4,4,3,4,2,2,2,3,3,4,4,4,4,4
"1047",4,4,4,4,2,2,2,4,4,4,4,4,4,4
"1048",4,4,4,4,3,2,2,4,4,4,4,4,4,4
"1049",4,4,4,3,3,3,3,4,4,4,4,4,4,4
"1050",4,3,3,4,4,2,3,2,4,2,4,4,4,4
"1051",4,4,4,4,3,2,4,3,4,4,4,4,4,4
"1052",3,4,4,4,2,3,2,4,4,4,4,4,4,4
"1053",3,1,4,4,3,2,2,2,4,4,3,4,4,1
"1054",4,4,4,4,3,3,3,3,3,4,3,4,4,4
"1055",4,3,4,4,2,2,3,2,4,4,4,4,4,3
"1056",4,4,3,4,3,2,2,3,3,4,4,4,4,4
"1057",4,4,3,4,2,3,3,4,3,4,4,4,4,4
"1058",4,4,4,4,4,2,2,3,2,2,4,4,4,4
"1059",4,4,4,4,3,4,3,4,4,4,4,4,4,4
"1060",4,4,4,4,3,4,4,3,3,4,4,4,4,4
"1061",4,4,4,4,3,3,3,4,4,4,3,4,4,4
"1062",4,4,4,4,2,2,2,4,2,3,4,4,4,4
"1063",3,3,3,4,2,2,2,3,4,4,3,4,3,4
"1064",4,4,4,4,3,3,4,4,4,3,4,4,4,4
"1065",4,4,4,4,3,3,4,4,4,4,4,3,3,3
"1066",3,3,3,3,3,3,3,3,4,4,3,3,4,3
"1067",4,3,2,3,2,2,2,4,4,4,4,4,4,4
"1068",4,4,4,4,3,3,3,3,4,4,4,4,4,4
"1069",4,3,3,4,3,2,2,2,2,2,4,3,3,2
"1070",3,3,3,3,3,3,3,2,3,4,4,4,4,4
"1071",4,4,4,4,3,3,3,3,4,4,4,3,4,4
"1072",3,3,3,3,3,3,3,3,3,3,3,3,3,3
"1073",4,4,3,3,2,2,3,2,4,3,4,4,4,4
"1074",4,4,4,4,3,3,3,4,4,3,4,4,4,4
"1075",4,3,3,3,4,4,3,3,4,4,4,3,3,3
"1076",4,4,4,4,3,3,3,3,4,4,4,4,4,3
"1077",3,3,3,4,2,2,2,3,4,4,3,4,3,4
"1078",4,3,3,3,3,2,2,4,4,3,4,4,4,4
"1079",1,1,1,1,2,1,1,1,1,1,2,2,2,1
"1080",3,4,4,4,2,2,2,4,3,3,4,4,4,3
"1081",4,3,4,3,3,3,3,3,3,3,4,4,4,4
"1082",4,3,3,4,2,4,3,4,4,4,4,4,4,3
"1083",4,3,4,4,2,1,2,3,3,3,4,4,4,4
"1084",4,4,4,4,4,4,4,4,4,4,4,4,4,4
"1085",4,3,4,4,4,3,4,3,4,3,4,4,4,3
"1086",3,2,4,4,2,1,1,2,4,4,4,4,4,3
"1087",3,4,3,4,3,3,4,3,3,3,4,4,3,3
"1088",4,4,4,4,3,2,2,4,3,2,4,4,4,3
"1089",2,2,3,4,4,4,4,4,3,3,3,2,2,2
"1090",4,3,4,4,3,3,3,3,3,2,2,4,4,4
"1091",4,4,4,4,4,3,3,3,4,3,4,4,4,4
"1092",4,4,4,4,4,4,4,4,4,4,4,4,4,4
"1093",3,4,4,4,2,3,2,4,4,4,3,4,4,4
"1094",4,4,4,4,3,3,3,3,4,4,4,4,4,4
"1095",4,4,4,3,3,2,2,4,4,4,4,4,4,4
"1096",3,4,4,4,3,3,3,2,4,4,4,3,3,4
"1097",4,4,4,4,3,3,3,4,4,4,4,4,4,4
"1098",2,3,3,4,1,1,1,2,3,3,4,3,4,4
"1099",3,2,3,3,2,2,2,3,4,4,4,4,4,3
"1100",3,3,3,3,3,3,3,3,4,4,4,4,4,4
"1101",4,4,4,4,2,2,3,3,4,3,3,3,3,3
"1102",4,4,4,4,3,3,3,4,4,4,4,4,4,4
"1103",4,4,4,4,3,3,3,3,4,3,4,4,4,4
"1104",2,2,3,3,1,1,1,2,2,3,4,4,3,1
"1105",4,4,4,4,3,3,3,4,4,4,4,4,4,4
"1106",4,4,4,4,3,2,4,3,4,4,4,4,4,4
"1107",4,4,4,4,2,3,3,3,3,4,4,4,4,4
"1108",4,3,4,4,3,2,2,3,4,4,4,4,4,2
"1109",4,4,4,4,4,4,4,4,4,4,4,4,4,4
"1110",3,3,3,3,1,2,2,2,3,3,4,2,2,3
"1111",4,4,4,4,3,3,3,3,3,4,4,4,4,4
"1112",3,2,2,4,2,2,2,3,4,4,4,4,4,3
"1113",3,3,3,3,2,2,3,3,3,3,4,3,4,3
"1114",3,3,4,4,2,2,2,3,4,4,2,2,2,3
"1115",4,4,4,4,3,2,3,4,4,4,4,4,4,4
"1116",3,4,3,4,2,2,2,2,4,3,4,4,4,2
"1117",4,4,4,4,3,2,2,4,4,4,4,4,4,4
"1118",3,4,4,3,3,3,3,3,4,4,4,4,3,2
"1119",4,4,3,3,3,2,3,2,4,4,4,4,4,4
"1120",4,4,4,3,2,3,3,3,3,4,3,4,3,3
"1121",3,4,4,3,4,3,3,3,3,4,3,3,3,3
"1122",4,3,3,4,4,3,3,3,3,3,4,4,4,4
"1123",4,4,3,3,3,3,2,3,4,4,4,4,4,3
"1124",4,4,4,4,3,3,4,4,4,4,4,4,4,4
"1125",3,4,4,4,2,2,2,4,4,4,4,4,4,4
"1126",4,3,4,3,2,2,2,4,4,3,4,4,4,4
"1127",4,4,4,4,4,3,3,4,4,4,4,4,4,4
"1128",2,2,3,3,2,2,3,3,4,4,4,4,4,3
"1129",4,4,4,4,3,3,4,4,4,4,4,3,3,3
"1130",4,4,4,4,3,3,3,4,4,4,4,4,4,4
"1131",4,4,4,4,3,2,3,3,3,3,4,4,4,4
"1132",3,4,4,4,4,4,4,4,4,4,4,4,4,3
"1133",4,4,4,4,3,3,3,3,4,4,4,4,4,4
"1134",4,4,3,3,4,4,3,2,4,4,4,4,4,4
"1135",3,3,3,3,2,1,2,3,2,2,3,3,3,3
"1136",4,4,4,4,4,4,4,4,4,4,4,4,4,4
"1137",3,3,3,4,3,2,2,2,3,3,3,3,3,3
"1138",3,3,3,3,2,1,3,3,4,4,3,4,4,3
"1139",4,4,4,4,3,2,2,3,3,3,4,4,4,4
"1140",3,3,4,3,3,2,2,4,4,4,4,4,4,3
"1141",4,4,4,4,2,3,3,3,3,4,3,4,4,4
"1142",4,4,3,3,3,3,3,3,3,3,4,4,4,4
"1143",4,3,4,4,3,3,3,4,4,4,4,4,4,4
"1144",4,4,4,4,4,4,4,4,4,4,4,4,4,4
"1145",2,2,3,4,3,4,4,2,3,3,3,3,3,4
"1146",4,4,4,4,4,4,4,3,4,4,4,4,4,4
"1147",3,3,4,4,3,3,4,2,3,3,4,4,3,2
"1148",4,3,2,3,3,3,2,4,4,4,3,4,4,3
"1149",3,3,4,4,2,2,3,2,2,4,3,3,3,2
"1150",4,4,4,4,3,3,3,2,4,2,4,4,3,4
"1151",4,4,4,4,4,3,4,3,4,4,4,4,4,4
"1152",4,4,4,4,4,3,2,4,4,4,4,4,4,4
"1153",4,3,3,3,3,3,3,4,3,3,4,4,3,3
"1154",3,4,3,4,2,1,1,2,4,4,4,4,2,3
"1155",4,3,3,2,2,1,1,3,2,3,4,4,4,2
"1156",3,4,4,4,2,2,2,3,3,4,3,3,3,4
"1157",4,3,4,4,4,2,2,4,3,3,4,4,4,4
"1158",4,3,3,3,3,2,2,4,4,4,3,3,3,3
"1159",3,3,2,3,4,1,2,4,4,4,4,4,4,4
"1160",4,4,4,4,3,3,3,4,4,4,4,4,4,4
"1161",3,3,3,3,3,2,2,3,3,3,4,3,3,3
"1162",4,4,4,4,4,3,3,4,4,4,4,4,4,4
"1163",3,3,3,3,3,2,2,2,4,4,4,4,4,4
"1164",4,4,3,3,3,3,3,4,3,3,4,4,4,4
"1165",4,4,4,4,4,3,3,3,3,3,4,4,4,4
"1166",2,4,3,4,4,2,4,3,2,4,4,4,4,4
"1167",4,4,3,3,3,2,2,2,4,4,3,2,3,4
"1168",4,3,4,3,2,3,3,4,4,4,4,4,4,3
"1169",4,3,4,4,4,3,3,3,3,2,4,3,3,4
"1170",4,4,4,4,3,2,4,3,4,4,4,4,4,4
"1171",1,1,3,1,1,1,1,1,1,1,1,1,1,1
"1172",4,4,4,4,4,4,4,4,4,4,4,4,4,4
"1173",2,3,1,3,2,2,2,2,1,1,2,2,2,1
"1174",4,3,4,4,3,3,3,2,3,3,4,4,2,2
"1175",3,4,4,4,3,2,3,2,2,3,4,4,3,4
"1176",4,2,4,4,3,3,3,3,4,3,4,4,3,3
"1177",2,2,2,3,2,2,2,3,3,3,2,3,1,2
"1178",4,4,4,4,4,4,4,4,4,4,4,4,4,4
"1179",4,4,4,4,4,4,3,4,4,4,4,4,4,4
"1180",4,4,4,4,4,3,2,4,4,4,4,4,4,4
"1181",4,4,4,4,4,2,3,4,4,4,4,4,4,4
"1182",4,4,4,4,3,4,3,4,4,3,4,4,4,4
"1183",4,4,4,4,4,3,2,3,4,4,4,4,4,4
"1184",4,4,4,4,2,2,2,3,4,4,3,3,3,3
"1185",4,4,4,4,4,3,4,3,4,4,4,4,4,4
"1186",3,3,4,2,3,3,3,3,2,4,4,4,4,4
"1187",4,4,4,4,3,3,4,3,3,4,4,4,4,4
"1188",3,3,3,4,3,2,2,2,4,3,4,4,4,3
"1189",3,3,3,4,3,2,2,3,4,4,4,4,4,3
"1190",4,4,4,4,4,3,3,3,3,3,4,4,4,4
"1191",2,3,4,3,3,1,2,2,3,4,2,1,2,2
"1192",4,3,4,4,2,2,3,3,4,3,4,4,4,3
"1193",4,4,4,4,3,3,3,4,4,4,4,4,4,4
"1194",4,4,4,4,3,2,2,3,4,4,4,4,4,4
"1195",3,3,4,4,2,2,2,4,4,4,4,4,4,3
"1196",2,3,3,4,1,2,3,2,2,3,3,4,3,2
"1197",4,4,4,4,4,4,4,4,4,4,4,4,4,4
"1198",4,3,4,4,2,2,3,4,4,3,4,4,3,2
"1199",4,4,4,4,3,3,3,3,3,3,4,4,4,4
"1200",3,3,3,4,2,2,2,3,4,4,4,4,4,4
"1201",4,4,4,4,3,2,3,3,4,4,4,4,4,4
"1202",4,4,4,4,4,3,3,4,4,4,4,3,3,4
"1203",4,4,3,3,4,3,4,4,4,4,3,4,4,4
"1204",3,4,3,4,4,2,1,3,4,4,3,4,3,4
"1205",4,4,4,4,3,3,3,3,4,3,1,4,3,4
"1206",4,4,4,4,4,3,3,4,4,3,4,4,4,4
"1207",4,4,4,3,3,2,3,3,4,4,4,4,4,4
"1208",4,4,3,3,3,3,3,3,4,3,3,3,4,4
"1209",4,4,4,4,3,3,3,3,3,4,4,3,4,4
"1210",3,3,3,3,3,2,3,3,4,4,4,4,4,4
"1211",4,4,3,4,3,3,3,4,4,4,3,4,3,3
"1212",4,4,4,3,3,3,3,3,3,3,4,4,4,4
"1213",4,3,4,4,2,2,2,3,4,4,4,3,2,2
"1214",4,3,3,3,1,1,1,1,3,2,3,3,2,3
"1215",3,3,4,4,2,3,3,2,2,4,4,4,4,3
"1216",4,4,4,4,3,4,4,4,4,4,4,4,4,4
"1217",2,1,2,4,3,2,2,2,2,2,4,4,4,2
"1218",4,3,3,4,3,3,3,4,3,4,3,4,4,3
"1219",4,3,2,2,3,2,2,3,3,2,3,3,3,3
"1220",4,4,4,4,3,2,2,2,4,4,3,4,4,3
"1221",4,4,4,3,4,3,3,3,3,2,4,4,4,3
"1222",4,3,4,4,2,2,2,4,3,4,3,4,4,4
"1223",3,4,3,3,3,1,1,3,3,3,4,3,2,3
"1224",3,4,3,3,3,2,2,3,3,3,4,3,2,3
"1225",3,4,4,4,1,4,4,4,4,4,3,4,4,2
"1226",4,3,3,3,4,3,4,2,3,4,3,4,4,4
"1227",4,3,4,3,3,3,3,3,4,4,4,4,4,3
"1228",3,4,4,4,2,2,2,3,3,3,3,3,3,2
"1229",4,4,4,4,4,3,4,3,3,4,4,3,3,4
"1230",2,4,3,3,2,3,3,3,4,4,4,4,4,4
"1231",3,4,4,4,3,2,2,3,4,4,3,4,4,4
"1232",4,4,4,3,3,3,3,4,4,4,4,4,4,4
"1233",2,2,3,4,2,2,2,2,3,4,4,4,4,3
"1234",4,4,3,4,3,3,2,4,4,3,4,4,3,3
"1235",3,3,4,4,3,2,2,3,3,3,4,4,3,4
"1236",4,3,4,3,3,4,4,3,4,4,4,4,4,4
"1237",4,4,4,4,3,3,3,4,3,3,4,3,4,4
"1238",3,4,4,4,3,4,2,3,3,3,4,3,3,4
"1239",4,4,4,4,4,4,4,4,4,4,4,4,4,4
"1240",4,3,2,3,3,3,4,3,4,4,4,4,4,3
"1241",3,4,4,4,2,2,2,2,2,3,4,4,4,4
"1242",4,3,3,2,2,2,2,3,3,3,4,4,4,4
"1243",3,4,3,4,3,2,3,3,3,3,4,4,4,3
"1244",4,4,4,4,3,3,3,3,4,4,4,4,4,4
"1245",2,2,3,3,1,1,1,2,2,2,4,3,3,2
"1246",4,3,3,3,3,2,2,4,4,4,4,4,4,3
"1247",4,3,3,3,3,3,3,2,2,3,4,4,4,4
"1248",3,4,4,4,3,2,2,3,3,3,4,4,4,4
"1249",3,2,3,3,2,1,2,3,4,4,4,4,4,3
"1250",4,4,4,4,3,3,3,3,4,4,4,4,3,3
"1251",3,4,4,4,2,2,2,2,3,4,4,4,4,4
"1252",3,4,3,2,4,2,3,2,3,3,3,2,3,3
"1253",4,4,4,4,4,3,4,4,4,4,4,4,4,4
"1254",4,4,4,4,3,3,4,4,4,3,4,4,4,4
"1255",4,4,4,4,3,4,4,3,4,4,4,3,3,4
"1256",4,4,3,3,4,3,3,4,4,3,4,4,4,4
"1257",3,4,2,4,4,4,4,4,3,4,3,3,3,4
"1258",4,4,4,4,3,2,3,4,4,3,4,4,4,4
"1259",4,4,4,4,4,4,4,3,4,4,4,4,4,4
"1260",3,3,3,4,2,2,3,2,4,3,4,3,3,3
"1261",3,3,4,3,3,3,3,3,4,4,4,4,3,3
"1262",3,4,4,4,3,3,3,4,4,4,4,4,4,4
"1263",4,4,4,4,4,3,4,4,3,4,4,4,4,4
"1264",4,4,4,4,4,4,4,2,2,3,4,4,4,4
"1265",2,3,1,3,1,1,2,3,2,2,3,3,2,2
"1266",4,4,4,4,4,2,4,3,3,2,3,4,2,3
"1267",4,3,4,4,4,3,3,2,4,3,4,4,4,2
"1268",4,3,4,4,4,3,3,2,2,4,3,3,3,2
"1269",4,4,3,2,4,3,3,3,4,3,4,3,4,4
"1270",2,2,2,3,1,1,1,2,2,2,3,4,4,3
"1271",3,4,4,4,3,2,3,3,4,4,4,4,4,4
"1272",2,2,3,3,2,2,3,2,3,3,4,3,3,3
"1273",4,2,2,4,3,1,2,2,4,4,4,4,4,3
"1274",3,4,4,4,3,2,3,3,4,4,4,4,4,4
"1275",4,4,4,4,3,2,2,4,4,3,4,4,4,4
"1276",4,4,2,3,4,4,4,3,3,3,4,4,4,4
"1277",4,4,4,3,3,3,3,4,4,3,4,4,4,4
"1278",3,3,3,3,2,1,2,3,4,4,3,3,3,3
"1279",4,4,4,4,4,3,3,4,4,4,4,4,4,4
"1280",3,3,3,3,3,3,3,3,3,3,3,3,3,4
"1281",3,4,4,3,2,2,2,3,4,4,4,4,4,3
"1282",4,4,4,4,4,4,4,4,4,4,4,4,3,4
"1283",4,4,4,3,2,3,2,3,3,4,4,3,3,4
"1284",3,3,2,2,3,2,2,3,4,4,3,4,3,3
"1285",2,3,2,4,3,3,2,2,3,3,3,3,3,3
"1286",4,4,4,4,4,2,2,2,4,4,4,4,4,3
"1287",4,4,4,4,4,4,3,3,3,3,4,4,4,3
"1288",3,3,4,3,3,2,3,2,4,3,4,3,3,2
"1289",3,4,4,4,3,3,3,4,4,3,4,4,4,4
"1290",4,3,3,4,2,2,2,4,4,4,4,4,4,4
"1291",4,4,4,4,3,3,3,3,3,3,3,3,4,3
"1292",2,2,4,3,2,2,2,2,4,4,4,3,2,2
"1293",3,3,3,3,3,3,3,3,4,4,3,3,3,3
"1294",4,4,3,3,4,4,4,3,3,3,4,4,4,4
"1295",3,4,4,4,4,3,4,3,4,4,4,4,4,4
"1296",4,4,3,4,3,3,3,3,4,4,4,4,3,4
"1297",4,4,4,4,3,4,4,4,4,4,4,4,4,4
"1298",4,4,4,4,4,4,3,4,4,4,4,4,4,4
"1299",3,4,4,4,3,2,2,4,4,4,4,3,3,4
"1300",3,4,3,4,2,2,3,2,4,4,4,4,4,3
"1301",3,3,3,3,3,3,3,3,3,4,3,3,3,2
"1302",4,3,3,3,3,3,3,4,4,4,4,4,4,4
"1303",3,3,3,4,2,2,2,2,3,2,3,3,3,3
"1304",4,4,4,4,3,3,3,4,4,4,4,4,4,3
"1305",4,4,4,4,3,2,2,4,4,4,4,4,4,4
"1306",4,3,4,2,3,3,3,3,3,2,3,3,3,3
"1307",3,4,3,4,2,2,3,3,4,4,4,3,4,3
"1308",4,4,4,4,2,2,2,2,3,3,4,4,4,4
"1309",4,3,3,3,3,4,3,2,2,3,4,4,3,2
"1310",3,4,4,4,2,2,2,3,4,4,4,4,3,4
"1311",3,2,4,4,3,1,2,3,4,3,4,4,4,4
"1312",4,3,2,3,3,2,3,2,3,4,4,4,4,3
"1313",3,2,3,4,1,1,1,2,3,2,3,4,3,2
"1314",3,3,3,4,3,2,3,3,4,4,4,4,4,4
"1315",4,4,4,3,3,3,3,3,4,4,4,4,4,4
"1316",4,4,4,4,3,4,4,4,4,4,4,4,4,4
"1317",4,4,3,4,3,4,4,3,3,4,3,4,4,4
"1318",4,4,4,4,4,4,4,4,4,4,4,4,4,4
"1319",3,3,4,4,3,3,3,3,3,4,3,3,4,3
"1320",3,4,3,3,2,3,4,4,3,4,4,3,4,4
"1321",4,4,4,4,3,3,3,4,4,3,4,4,4,3
"1322",3,4,4,4,3,3,3,4,4,4,4,4,4,4
"1323",3,3,3,3,2,2,3,3,3,3,3,3,3,3
"1324",4,4,4,4,4,4,4,4,4,4,4,4,4,4
"1325",4,4,4,4,4,4,4,3,4,4,4,4,4,4
"1326",3,2,3,4,2,1,1,2,2,3,4,4,3,3
"1327",4,4,3,3,3,4,4,4,4,4,3,4,4,3
"1328",4,4,4,4,3,3,3,3,3,3,4,4,4,4
"1329",2,1,2,4,1,1,1,2,3,3,3,2,2,1
"1330",3,2,3,4,3,3,3,4,4,4,3,3,2,2
"1331",4,4,4,4,4,4,4,2,4,4,4,4,4,4
"1332",4,4,4,4,2,3,3,3,3,4,4,4,4,3
"1333",3,2,3,4,3,2,2,4,3,3,4,4,3,3
"1334",4,4,4,4,2,2,2,4,4,2,4,4,3,2
"1335",3,4,4,4,2,2,4,3,3,4,4,4,3,4
"1336",4,4,4,4,4,4,4,3,4,4,4,4,4,4
"1337",4,4,4,4,2,2,2,3,4,4,4,4,4,4
"1338",2,3,2,1,1,1,1,4,4,4,3,1,1,3
"1339",3,3,3,3,3,2,2,3,4,4,4,3,3,2
"1340",3,2,3,4,2,1,2,3,3,3,4,3,3,3
"1341",3,4,4,4,4,1,4,3,2,2,2,2,2,4
"1342",4,4,4,3,4,4,4,3,4,4,4,4,4,3
"1343",2,3,3,4,1,1,1,2,4,2,3,2,3,2
"1344",4,4,3,3,3,2,3,3,4,2,4,4,4,4
"1345",3,3,2,2,2,2,3,3,4,4,4,3,4,2
"1346",3,4,3,3,2,2,2,3,3,1,2,3,4,1
"1347",4,4,3,4,4,4,4,3,4,4,4,4,4,4
"1348",4,4,4,4,4,3,3,4,4,4,3,4,4,3
"1349",2,2,2,3,1,2,1,1,2,2,3,3,3,2
"1350",4,4,4,4,4,4,4,2,4,4,4,4,4,4
"1351",3,4,4,4,2,2,2,3,3,3,4,2,2,4
"1352",4,3,4,4,2,2,3,4,4,3,4,4,3,4
"1353",4,3,4,4,3,3,4,3,2,2,4,3,3,4
"1354",2,2,3,4,2,2,2,3,2,3,3,2,2,2
"1355",3,4,4,4,2,2,3,3,3,4,4,4,4,3
"1356",4,4,3,4,3,3,2,4,3,3,4,4,3,4
"1357",4,3,4,3,3,3,3,4,4,4,4,4,4,3
"1358",2,3,3,3,3,3,3,1,1,2,3,3,3,2
"1359",4,4,4,4,4,2,4,4,4,2,4,4,4,4
"1360",4,3,4,4,4,4,4,4,4,4,1,3,2,4
"1361",4,4,4,4,4,3,4,3,4,3,3,4,4,3
"1362",4,4,4,4,4,3,3,4,4,4,4,4,4,4
"1363",2,4,4,2,2,3,2,3,3,3,4,4,4,4
"1364",4,4,4,4,3,3,3,4,4,4,4,4,4,4
"1365",3,4,4,4,3,2,2,3,4,4,4,4,4,4
"1366",4,4,4,4,2,3,3,4,4,4,3,3,3,3
"1367",4,4,4,3,3,4,4,3,4,4,4,4,4,4
"1368",4,3,4,4,4,3,3,3,4,4,4,4,4,3
"1369",3,3,4,4,2,2,3,2,3,3,3,3,2,3
"1370",4,4,4,4,4,4,3,4,4,4,4,4,4,4
"1371",4,4,4,4,4,3,3,4,4,4,4,4,4,4
"1372",3,4,4,4,2,2,2,3,4,4,4,4,4,4
"1373",3,4,4,4,3,3,2,3,4,3,4,4,4,4
"1374",4,4,3,4,4,3,4,4,4,4,4,4,4,4
"1375",4,4,4,4,4,3,3,3,4,4,4,4,3,4
"1376",3,4,4,4,3,2,2,3,4,4,4,4,3,3
"1377",4,4,3,4,2,3,3,1,4,4,4,4,4,3
"1378",4,3,4,3,2,3,3,4,4,4,4,4,4,4
"1379",4,4,4,4,3,3,4,4,4,4,4,4,4,4
"1380",3,3,3,4,3,2,3,3,4,4,4,3,4,4
"1381",4,3,2,4,3,3,3,3,4,4,4,4,4,3
"1382",4,4,4,4,4,3,3,4,4,3,4,4,4,4
"1383",3,3,3,3,2,2,2,4,4,4,4,4,4,4
"1384",3,3,4,4,2,2,2,3,3,3,4,4,4,4
"1385",3,4,3,4,4,4,3,4,4,4,4,3,3,4
"1386",4,4,4,4,4,4,4,4,4,4,4,4,4,4
"1387",3,3,3,2,4,2,2,2,4,3,2,3,4,4
"1388",2,4,4,4,2,1,1,1,4,3,3,3,3,3
"1389",4,3,4,3,3,3,3,4,3,4,4,3,3,3
"1390",4,4,4,4,3,4,4,2,4,4,4,4,4,2
"1391",3,3,4,4,2,2,3,2,3,3,3,3,3,3
"1392",3,3,4,4,3,2,2,4,3,3,3,3,3,3
"1393",2,4,4,3,1,1,1,2,4,3,4,3,4,3
"1394",3,4,4,4,2,2,2,3,4,3,4,3,4,3
"1395",4,4,4,4,4,3,2,3,4,4,3,4,4,4
"1396",4,4,4,4,2,2,3,3,4,3,4,4,4,4
"1397",3,3,3,3,3,3,2,3,3,4,2,1,1,2
"1398",3,3,3,3,3,3,3,4,4,4,4,4,3,3
"1399",4,3,4,3,3,3,3,4,4,4,4,4,4,4
"1400",4,4,4,4,3,4,4,4,4,4,4,4,4,4
"1401",3,3,4,4,3,2,3,3,4,4,4,4,4,4
"1402",4,4,4,4,2,1,2,3,4,4,4,4,3,4
"1403",4,3,3,3,2,2,3,3,3,3,4,4,2,4
"1404",4,4,4,4,4,2,3,3,4,3,4,2,3,3
"1405",4,2,2,3,1,3,3,2,4,3,4,3,2,3
"1406",3,4,4,4,3,3,3,3,4,4,4,4,4,3
"1407",3,4,3,4,3,2,2,3,3,3,3,3,4,3
"1408",4,4,4,4,3,3,3,4,4,4,3,4,3,4
"1409",4,4,4,4,3,3,4,4,4,4,4,4,4,4
"1410",3,4,4,3,2,2,2,3,4,4,4,4,4,2
"1411",4,4,4,4,2,1,2,3,4,4,4,4,4,4
"1412",4,4,4,4,4,4,4,4,4,4,4,4,4,3
"1413",4,4,4,4,3,2,3,4,4,4,4,4,4,4
"1414",3,4,4,4,2,2,2,4,4,4,4,4,4,4
"1415",4,4,4,4,3,3,3,4,4,4,4,4,4,4
"1416",4,4,3,2,4,2,2,4,4,4,4,4,4,4
"1417",4,4,4,4,3,2,3,4,4,4,4,4,4,4
"1418",4,4,4,4,4,2,3,3,4,4,4,4,4,4
"1419",4,4,4,4,4,3,3,4,4,3,4,4,4,4
"1420",3,4,4,4,3,2,2,4,4,4,4,4,4,4
"1421",4,4,4,3,3,2,2,4,4,4,4,4,4,4
"1422",4,4,4,4,3,4,3,3,4,4,4,3,4,4
"1423",4,4,4,4,3,3,3,4,4,4,4,4,4,4
"1424",2,2,2,3,2,2,2,3,2,2,4,2,2,2
"1425",4,4,4,4,2,2,2,4,4,4,4,4,3,4
"1426",3,3,4,4,2,2,2,3,4,4,3,4,3,4
"1427",4,4,4,4,3,4,4,4,4,4,4,4,4,4
"1428",4,4,3,4,4,3,4,3,4,3,4,4,4,4
"1429",4,4,4,4,4,4,4,4,4,3,3,4,3,4
"1430",4,4,4,4,4,3,3,3,4,4,4,4,4,4
"1431",4,4,4,4,3,3,3,3,4,4,4,3,3,4
"1432",2,3,3,4,1,1,2,2,2,3,4,4,4,3
"1433",3,3,3,3,2,2,3,3,3,4,3,3,3,3
"1434",3,3,4,4,2,2,3,2,3,3,4,4,4,4
"1435",4,4,4,4,3,3,3,3,4,4,3,3,4,2
"1436",4,3,3,4,3,2,3,3,4,3,4,4,4,3
"1437",4,4,4,4,3,3,3,4,4,4,4,4,4,3
"1438",4,3,2,4,3,2,2,4,4,4,4,4,4,4
"1439",3,3,3,4,1,2,3,2,4,4,3,3,3,3
"1440",2,3,3,4,2,2,2,2,2,2,2,3,3,3
"1441",4,4,4,4,4,3,3,3,4,4,4,4,4,4
"1442",4,4,4,4,4,3,4,4,4,4,4,4,4,4
"1443",3,4,4,4,4,2,3,2,3,3,4,4,3,3
"1444",4,3,4,3,4,2,3,3,4,4,4,3,4,3
"1445",4,4,4,4,3,2,2,3,4,4,4,3,4,4
"1446",2,3,3,3,2,1,1,2,3,4,4,3,3,3
"1447",4,4,4,4,3,3,3,4,4,3,4,4,4,4
"1448",4,3,4,4,3,3,2,2,3,3,4,4,4,2
"1449",3,4,4,4,4,4,4,4,4,4,4,4,3,4
"1450",3,3,4,4,3,2,2,4,3,3,4,4,3,3
"1451",4,4,3,3,3,3,3,3,4,4,4,4,4,4
"1452",3,3,3,3,2,2,2,4,4,3,2,2,2,3
"1453",4,4,3,3,2,2,2,3,4,4,4,4,4,4
"1454",2,2,2,3,2,1,1,2,2,3,3,3,3,2
"1455",4,3,4,4,3,2,2,3,3,3,3,3,3,4
"1456",3,3,3,3,3,2,2,4,4,4,3,2,2,3
"1457",4,4,4,4,3,4,4,2,2,4,4,4,4,4
"1458",4,4,4,4,4,3,3,4,4,4,4,4,4,4
"1459",3,4,4,4,2,2,2,3,4,4,4,4,4,4
"1460",3,4,4,4,2,2,2,3,3,3,4,4,4,4
"1461",4,4,4,4,3,3,3,3,4,4,4,4,4,4
"1462",3,4,4,4,4,2,3,4,4,4,4,4,3,3
"1463",3,4,3,4,2,2,2,2,2,3,4,4,3,3
"1464",3,4,4,3,3,3,3,4,3,3,4,4,4,4
"1465",4,4,4,4,3,2,3,3,4,3,4,4,4,4
"1466",4,3,3,4,3,2,2,2,2,2,4,3,4,3
"1467",4,4,4,3,3,1,4,3,3,4,4,4,3,4
"1468",3,2,2,2,3,2,3,2,3,2,3,4,4,2
"1469",2,3,4,4,1,1,1,1,2,2,3,2,2,2
"1470",4,4,4,4,3,2,2,4,4,3,4,4,4,4
"1471",4,4,4,4,4,4,4,4,4,4,4,4,4,4
"1472",3,4,4,4,3,3,2,3,4,4,4,4,3,4
"1473",3,3,3,4,2,2,2,3,3,4,4,4,4,4
"1474",4,4,4,3,3,2,2,3,4,4,4,4,4,4
"1475",4,4,4,4,4,3,4,3,4,4,4,4,4,4
"1476",4,4,4,4,3,2,2,4,4,4,4,4,4,4
"1477",4,4,4,4,3,3,3,3,3,4,4,4,4,3
"1478",4,3,3,3,4,4,4,4,4,4,4,4,4,4
"1479",4,4,4,4,2,3,3,3,4,4,4,4,4,4
"1480",4,4,4,4,3,1,2,4,4,4,4,4,3,4
"1481",4,4,4,4,3,3,3,3,4,4,4,4,4,4
"1482",4,4,4,4,3,3,4,3,4,4,4,4,4,4
"1483",4,4,4,4,3,3,4,3,4,4,4,4,4,4
"1484",4,4,4,4,3,3,3,4,4,4,3,4,4,4
"1485",3,3,3,4,3,2,2,4,4,4,4,3,3,3
"1486",4,4,4,4,4,2,3,3,3,4,4,4,4,3
"1487",4,4,4,4,2,2,2,2,3,2,4,4,4,4
"1488",4,3,4,3,3,3,4,4,4,2,4,4,4,3
"1489",4,4,4,4,3,3,2,3,4,3,4,4,3,3
"1490",2,2,4,4,1,2,2,3,3,3,3,3,3,2
"1491",4,4,4,4,3,2,3,1,2,3,3,3,3,3
"1492",4,3,4,4,3,3,4,4,4,4,4,4,4,4
"1493",4,4,4,4,4,3,3,4,4,4,4,4,4,4
"1494",4,3,4,4,3,2,3,4,4,3,4,4,4,4
"1495",4,4,2,3,3,3,3,3,3,3,4,3,4,3
"1496",2,4,4,4,2,2,2,1,1,2,3,4,4,4
"1497",2,3,4,4,2,2,2,2,3,4,4,4,3,2
"1498",2,1,3,3,2,2,2,3,2,2,2,3,2,3
"1499",4,4,4,4,3,3,3,3,4,3,4,4,3,3
"1500",4,4,4,4,3,2,2,3,4,4,4,4,4,4
"1501",3,4,4,4,3,4,4,4,4,4,4,4,4,3
"1502",4,4,4,4,3,2,2,4,4,4,3,3,3,4
"1503",3,4,3,2,3,3,3,2,3,3,4,3,3,3
"1504",4,4,4,4,3,3,3,4,4,4,4,4,4,4
"1505",4,3,4,3,2,3,3,4,4,3,4,3,2,2
"1506",4,4,4,3,4,4,3,4,4,4,4,4,4,4
"1507",3,4,4,4,2,3,2,4,3,4,4,2,4,4
"1508",4,4,4,4,3,3,3,4,4,3,4,4,4,4
"1509",3,4,3,4,3,2,2,4,4,4,4,4,4,4
"1510",3,3,4,4,1,3,3,2,4,3,4,4,2,3
"1511",4,3,3,4,3,3,3,4,4,4,4,4,4,4
"1512",4,3,4,4,3,2,2,3,4,4,3,4,3,3
"1513",4,4,4,4,3,3,3,4,4,4,4,4,4,4
"1514",4,4,3,3,3,3,4,3,4,4,4,4,4,3
"1515",3,4,3,4,4,4,4,2,2,3,4,3,3,3
"1516",3,3,2,3,2,2,2,3,3,3,3,2,2,3
"1517",4,4,4,4,4,3,4,3,4,3,4,4,3,4
"1518",4,2,3,4,3,3,2,2,2,2,2,2,2,2
"1519",4,4,4,4,3,2,3,4,4,4,4,4,4,4
"1520",4,4,4,4,3,2,2,4,4,4,4,4,4,4
"1521",4,4,4,2,4,4,4,4,4,4,4,4,4,3
"1522",2,3,3,3,2,2,2,4,4,4,4,4,4,2
"1523",3,4,4,4,2,2,2,3,3,4,4,4,3,3
"1524",4,4,3,4,3,3,3,3,4,4,3,4,4,4
"1525",4,4,4,4,4,3,4,3,4,4,4,4,4,4
"1526",4,3,4,3,3,3,3,4,3,3,4,3,2,3
"1527",4,4,4,4,2,2,2,4,4,4,4,4,4,4
"1528",4,4,4,4,3,4,4,3,4,4,4,4,4,4
"1529",4,4,4,4,3,2,2,3,4,4,4,4,4,4
"1530",4,4,4,4,3,3,4,4,4,4,4,4,4,4
"1531",4,3,4,4,3,3,4,4,2,2,4,3,4,4
"1532",4,3,3,4,3,3,3,3,4,4,4,4,4,4
"1533",3,3,4,4,3,2,2,3,3,3,4,3,3,3
"1534",4,3,4,4,3,2,2,2,3,3,4,3,3,2
"1535",4,4,4,4,4,4,4,4,4,4,4,4,4,3
"1536",4,3,4,4,4,2,3,2,4,4,4,4,4,4
"1537",3,4,4,4,4,4,4,4,4,4,4,4,3,4
"1538",3,3,4,3,3,3,3,3,3,3,3,3,4,3
"1539",4,4,4,4,4,3,4,3,4,3,4,4,4,4
"1540",4,3,4,4,3,2,2,3,4,4,4,3,4,3
"1541",4,4,4,4,4,3,3,4,4,3,4,4,3,4
"1542",4,4,3,4,3,3,3,3,4,4,4,4,3,4
"1543",4,4,4,4,2,3,3,4,4,4,4,4,4,4
"1544",3,3,3,3,3,3,3,3,2,3,3,3,3,2
"1545",2,2,3,2,2,2,3,2,2,2,4,3,2,2
"1546",4,3,4,4,3,2,4,1,2,4,4,4,4,3
"1547",3,2,3,4,3,3,2,1,1,3,3,2,4,3
"1548",2,3,4,4,3,2,2,4,2,4,3,4,2,3
"1549",3,2,2,3,2,2,2,2,4,4,4,4,4,1
"1550",3,4,4,4,4,3,3,3,4,4,4,4,4,3
"1551",3,2,4,4,3,2,2,3,4,4,4,4,4,3
"1552",3,3,4,4,2,2,2,4,4,4,4,4,3,4
"1553",4,4,4,4,3,3,3,3,4,3,4,4,4,4
"1554",2,4,3,3,2,1,3,2,3,3,3,3,3,3
"1555",3,4,4,4,2,2,2,2,3,3,4,4,4,4
"1556",4,3,3,4,2,1,2,2,3,3,4,4,3,3
"1557",4,3,3,2,3,3,4,3,4,4,4,4,4,3
"1558",4,4,3,4,4,3,4,4,3,4,4,4,4,4
"1559",4,4,4,4,3,3,3,3,4,4,4,4,4,4
"1560",3,3,4,4,2,2,2,2,3,4,3,3,3,3
"1561",4,3,4,4,3,2,3,4,4,4,4,4,4,4
"1562",3,4,4,4,2,1,2,3,4,4,4,4,4,4
"1563",3,4,4,4,3,2,2,3,3,4,4,4,4,4
"1564",3,4,4,4,2,2,3,4,4,4,4,4,4,4
"1565",4,4,4,4,4,3,2,3,4,4,4,4,4,4
"1566",3,4,4,4,3,2,2,3,3,3,4,4,4,4
"1567",3,3,4,4,3,3,3,2,3,3,4,4,4,3
"1568",4,4,4,4,4,2,2,3,4,4,4,4,4,3
"1569",4,4,4,4,2,1,1,3,4,1,4,4,4,4
"1570",2,2,4,3,2,2,2,3,3,3,3,3,3,2
"1571",3,3,4,4,3,2,2,2,3,2,3,4,4,3
"1572",4,4,4,4,4,4,4,4,4,4,2,3,3,4
"1573",4,3,4,3,3,2,2,3,3,3,3,3,3,3
"1574",4,4,4,4,4,3,3,4,4,3,4,4,3,4
"1575",4,3,4,3,3,3,2,3,3,3,4,4,4,4
"1576",3,4,4,4,3,3,2,3,4,3,4,4,4,4
"1577",3,3,4,4,3,3,3,4,3,2,2,4,3,2
"1578",3,3,3,4,2,2,3,3,3,3,3,2,2,3
"1579",4,4,4,4,4,4,4,4,4,4,4,4,4,4
"1580",4,3,4,4,2,4,4,3,3,4,4,4,3,4
"1581",3,4,3,4,3,3,3,2,3,3,4,4,4,3
"1582",4,4,4,4,4,4,4,4,4,4,4,4,4,4
"1583",4,4,4,4,3,3,3,3,4,4,4,4,4,4
"1584",3,3,4,4,3,2,3,3,4,4,4,4,4,3
"1585",4,4,4,4,4,4,4,4,4,3,4,4,3,2
"1586",3,3,3,4,2,2,2,3,4,4,4,4,4,4
"1587",3,3,2,4,1,2,2,3,4,4,4,3,4,3
"1588",4,4,4,4,3,3,3,4,4,4,4,4,4,4
"1589",3,4,4,4,2,3,2,3,2,4,3,3,3,3
"1590",4,4,4,4,3,3,3,4,4,4,4,4,4,4
"1591",3,3,4,4,3,3,3,3,3,2,4,3,3,2
"1592",4,4,3,3,2,2,2,3,3,3,4,3,4,4
"1593",3,3,3,3,2,3,3,2,2,3,4,4,3,3
"1594",4,4,4,4,3,3,3,4,3,3,4,4,4,4
"1595",3,3,3,4,2,2,3,3,3,4,4,4,4,3
"1596",2,1,3,3,1,1,3,1,2,3,3,3,3,3
"1597",4,4,4,4,4,4,4,4,3,4,4,4,4,4
"1598",3,4,4,4,2,3,3,2,2,2,4,4,2,3
"1599",4,3,2,3,3,3,3,2,2,2,4,4,4,4
"1600",4,4,4,4,3,2,2,3,4,3,4,4,4,4
"1601",4,4,3,3,3,2,2,2,3,4,2,3,3,2
"1602",4,3,3,3,3,2,2,3,4,4,4,4,3,4
"1603",2,3,3,4,2,3,3,2,3,3,4,3,3,2
"1604",3,2,3,3,2,1,1,3,3,3,2,2,2,2
"1605",4,4,4,4,3,2,2,3,4,3,4,4,4,4
"1606",2,4,4,2,3,2,2,4,3,4,4,4,4,4
"1607",4,4,4,4,3,3,2,3,4,4,4,4,4,4
"1608",3,3,3,4,3,2,2,3,4,4,3,3,4,3
"1609",4,4,4,4,3,3,4,4,4,4,4,4,4,4
"1610",4,3,4,4,3,3,3,3,4,4,4,4,4,4
"1611",3,4,4,4,3,2,3,3,4,4,4,4,3,4
"1612",4,4,4,4,2,3,2,4,3,4,4,3,3,4
"1613",4,3,3,3,3,3,3,4,4,4,4,4,4,4
"1614",3,4,3,3,2,1,2,3,4,4,4,4,4,4
"1615",3,4,4,4,3,4,4,2,4,4,4,4,4,4
"1616",4,4,4,4,3,3,3,4,4,4,4,4,4,4
"1617",4,4,4,4,4,2,3,4,4,4,3,3,3,4
"1618",4,4,4,4,3,3,3,3,3,4,4,4,3,4
"1619",4,3,4,4,3,4,4,3,4,4,3,4,4,4
"1620",4,4,4,4,4,2,2,4,4,3,2,4,4,3
"1621",3,3,3,3,2,2,3,3,3,3,3,3,3,3
"1622",4,4,4,4,4,4,4,4,3,2,4,4,4,4
"1623",4,4,4,4,3,3,2,2,4,4,3,3,3,3
"1624",4,4,4,4,3,3,3,4,4,4,4,4,4,4
"1625",3,4,4,4,3,3,4,3,4,4,4,4,3,2
"1626",3,2,2,2,2,1,1,2,2,1,3,3,3,3
"1627",4,3,3,4,2,2,4,4,4,4,4,4,3,3
"1628",3,3,3,4,1,1,1,4,3,3,4,4,4,4
"1629",4,3,3,3,3,4,3,4,4,4,4,4,4,4
"1630",4,3,4,3,3,3,3,3,3,3,4,4,4,4
"1631",3,3,3,4,3,4,3,2,4,4,4,2,2,3
"1632",4,4,4,4,3,3,3,3,4,4,4,4,4,4
"1633",4,4,4,4,3,3,4,3,4,4,4,4,4,4
"1634",2,3,3,3,3,2,2,3,2,2,3,4,3,3
"1635",3,3,3,3,3,2,2,3,3,3,3,4,3,4
"1636",3,4,4,4,2,2,2,3,4,4,4,4,4,4
"1637",3,4,3,4,3,1,1,3,3,3,4,3,2,4
"1638",4,4,4,4,4,4,4,4,4,4,4,4,3,3
"1639",4,4,2,3,3,3,3,3,4,4,4,4,4,4
"1640",4,2,4,4,3,3,3,2,3,4,4,4,4,2
"1641",4,4,4,4,4,4,4,4,4,4,4,4,4,4
"1642",4,3,4,4,3,2,3,2,3,3,4,4,4,3
"1643",3,3,2,4,2,2,2,3,4,4,3,4,4,4
"1644",4,3,4,4,4,4,4,3,4,4,4,4,4,3
"1645",4,3,4,4,3,2,2,3,4,4,4,4,4,4
"1646",4,4,4,4,3,3,3,3,3,4,4,4,4,4
"1647",4,4,4,4,4,4,4,4,4,4,4,4,4,4
"1648",4,3,4,4,2,2,2,4,4,4,4,4,4,4
"1649",3,2,3,4,3,3,3,3,4,4,4,2,2,3
"1650",4,4,4,4,3,4,3,4,4,4,4,3,4,4
"1651",3,3,2,2,3,3,2,3,4,4,3,4,4,3
"1652",3,4,4,4,4,2,3,4,4,4,4,4,4,4
"1653",4,3,4,4,2,2,3,2,4,2,4,4,4,3
"1654",3,4,2,4,3,3,3,3,3,3,4,4,4,4
"1655",2,4,4,4,2,1,1,4,4,4,4,3,4,3
"1656",3,4,4,4,2,2,2,3,2,2,3,3,3,3
"1657",4,4,4,4,3,1,1,2,2,2,4,4,4,4
"1658",4,4,4,4,3,2,3,3,4,4,4,4,4,4
"1659",4,3,3,3,3,1,1,3,3,4,4,4,4,4
"1660",3,4,3,4,3,3,3,3,4,4,4,4,4,4
"1661",4,4,4,4,2,2,2,4,4,4,4,4,4,4
"1662",3,3,3,3,2,2,2,3,3,3,3,3,3,3
"1663",3,4,4,4,2,2,2,3,4,3,4,4,4,4
"1664",4,3,3,3,4,3,3,4,4,4,4,4,4,4
"1665",3,2,3,3,3,3,4,3,4,3,4,4,4,2
"1666",3,4,3,4,3,3,3,3,4,4,4,3,4,4
"1667",3,2,3,2,1,1,2,2,2,3,4,4,3,2
"1668",4,3,4,4,4,3,3,4,4,4,4,3,3,4
"1669",4,4,4,4,3,3,3,4,4,4,4,3,3,4
"1670",4,4,3,4,3,2,3,3,4,4,4,4,4,4
"1671",4,3,3,3,3,3,3,4,3,3,4,3,4,4
"1672",4,4,4,4,3,2,2,3,4,4,4,4,4,4
"1673",4,3,4,4,4,4,4,4,4,4,4,4,4,3
"1674",4,4,4,3,4,2,3,2,2,2,4,3,3,4
"1675",4,4,4,4,4,4,4,4,4,4,4,4,4,3
"1676",4,4,4,4,4,4,4,4,4,4,4,4,4,4
"1677",3,3,3,4,2,2,3,3,3,3,4,3,3,3
"1678",3,4,3,1,3,2,4,4,4,3,3,4,3,2
"1679",4,4,4,4,2,1,1,1,3,2,4,4,4,3
"1680",4,4,4,4,4,4,4,2,4,3,4,4,4,4
"1681",4,3,3,3,3,2,2,4,4,4,4,4,4,4
"1682",4,4,4,4,3,2,2,2,3,3,3,3,3,4
"1683",4,4,3,4,4,3,3,4,4,4,4,4,4,4
"1684",4,4,3,4,3,3,3,4,4,4,4,4,3,4
"1685",4,3,4,4,2,3,3,3,4,3,4,3,3,4
"1686",4,4,3,4,3,2,2,4,4,4,3,4,4,4
"1687",4,4,4,4,4,4,4,4,4,4,4,4,4,4
"1688",3,3,3,3,2,2,2,2,3,4,4,4,3,4
"1689",2,2,3,3,2,2,2,1,3,3,4,4,3,2
"1690",4,4,3,4,4,3,3,3,4,4,4,3,4,4
"1691",2,3,3,4,2,2,2,2,3,2,3,3,3,3
"1692",4,4,4,4,4,3,4,3,3,4,3,4,3,4
"1693",3,4,3,4,3,3,3,4,4,4,4,2,3,3
"1694",3,4,3,3,3,2,2,3,3,3,4,4,4,4
"1695",4,4,4,3,3,3,3,3,4,4,4,4,4,3
"1696",3,3,3,3,3,2,2,4,4,4,4,4,3,2
"1697",4,4,4,4,4,3,4,4,4,4,4,4,4,3
"1698",4,4,4,4,2,1,1,4,4,4,4,4,4,4
"1699",3,3,4,3,2,2,3,3,3,4,4,4,4,3
"1700",4,3,4,4,4,4,4,4,4,4,4,4,4,4
"1701",4,3,2,3,3,2,3,3,2,3,3,3,3,3
"1702",2,3,4,4,2,2,2,3,3,3,4,3,4,4
"1703",3,4,2,2,4,3,3,4,4,4,4,4,4,4
"1704",4,3,4,3,2,4,3,3,4,4,4,3,3,3
"1705",4,4,4,3,4,3,4,4,4,4,4,4,4,4
"1706",4,4,4,4,3,3,3,3,3,2,4,3,3,4
"1707",3,4,4,2,3,2,2,4,3,3,4,4,4,3
"1708",4,4,4,4,2,2,2,3,3,2,4,3,3,4
"1709",3,3,4,4,3,2,3,3,4,4,4,4,4,3
"1710",3,3,3,4,2,2,2,3,3,3,3,2,2,2
"1711",4,3,3,4,3,3,3,4,4,4,4,3,3,3
"1712",4,3,4,4,4,2,4,3,4,4,4,4,3,4
"1713",4,4,3,4,3,3,3,3,3,4,4,4,4,4
"1714",4,3,4,4,3,1,1,3,3,3,2,3,2,3
"1715",3,4,4,4,2,2,1,3,4,3,3,4,4,4
"1716",3,3,3,4,3,2,2,3,4,3,4,4,4,3
"1717",3,2,3,4,3,3,3,2,2,2,3,4,4,3
"1718",3,3,4,3,3,3,2,3,4,4,4,4,4,3
"1719",4,4,4,4,3,3,3,2,3,3,4,4,4,4
"1720",3,3,3,3,2,2,2,3,3,3,4,3,3,4
"1721",4,4,4,3,4,2,3,4,4,3,4,3,4,4
"1722",3,3,3,3,3,3,3,2,3,3,4,3,3,3
"1723",3,3,3,4,2,2,3,2,3,4,3,2,3,3
"1724",3,4,4,4,3,3,3,4,4,4,4,4,4,4
"1725",4,3,4,3,3,3,3,4,4,3,4,4,4,3
"1726",3,4,4,4,2,2,2,4,4,2,4,3,4,4
"1727",3,3,4,3,2,2,2,2,3,4,4,4,4,3
"1728",4,4,4,4,3,2,3,3,4,4,4,4,4,4
"1729",2,4,4,4,4,3,4,4,4,4,4,3,4,3
"1730",4,3,4,4,4,3,2,3,3,3,4,4,4,4
"1731",4,3,3,4,2,2,3,2,4,4,3,4,3,4
"1732",4,4,3,3,3,3,3,2,4,3,3,3,4,4
"1733",2,3,2,3,2,1,2,3,3,2,3,3,3,3
"1734",4,3,4,4,4,4,4,2,2,3,4,3,3,2
"1735",4,4,4,4,3,4,4,3,4,3,4,4,4,2
"1736",4,4,4,4,4,3,3,3,4,3,3,4,4,3
"1737",4,4,4,3,4,4,4,3,3,4,4,4,4,4
"1738",4,4,4,4,3,3,3,3,4,4,4,4,4,4
"1739",3,3,4,4,3,2,2,3,3,2,4,4,4,2
"1740",3,3,4,4,2,2,3,3,3,3,4,3,3,3
"1741",4,4,4,4,3,3,3,3,4,4,4,4,4,3
"1742",4,3,3,4,3,3,3,3,3,4,4,4,3,3
"1743",4,4,4,4,3,3,2,4,4,4,4,4,4,4
"1744",4,4,4,4,4,4,4,4,4,4,4,4,4,4
"1745",4,4,4,4,4,3,3,3,4,4,4,4,3,4
"1746",3,3,3,4,3,1,3,3,3,3,4,4,3,3
"1747",4,4,4,4,3,3,3,4,4,4,4,4,4,4
"1748",2,3,3,3,3,2,2,3,4,3,3,2,2,3
"1749",3,3,4,4,2,3,2,2,3,2,2,4,4,2
"1750",3,2,3,3,3,3,3,2,2,4,3,3,2,2
"1751",3,3,3,4,3,3,3,2,4,3,4,4,4,3
"1752",4,4,4,3,3,2,2,4,3,2,4,4,4,4
"1753",4,3,3,3,3,3,3,2,4,3,4,4,4,4
"1754",4,4,4,4,4,3,3,3,3,3,4,4,4,4
"1755",2,2,3,3,2,2,2,2,3,3,4,4,3,3
"1756",3,3,3,4,1,1,2,2,3,2,4,4,3,3
"1757",4,3,4,3,2,2,2,4,4,4,4,4,4,4
"1758",4,4,4,3,3,3,3,3,4,4,4,4,4,4
"1759",3,4,4,4,3,3,3,3,3,3,4,3,3,3
"1760",3,4,1,1,1,2,3,1,1,1,2,4,4,4
"1761",4,4,4,4,3,2,2,3,4,4,4,4,4,4
"1762",3,4,4,4,3,3,4,3,3,3,4,4,4,4
"1763",4,4,4,4,2,2,2,4,4,4,4,4,4,4
"1764",4,3,4,4,3,2,2,3,3,4,4,3,3,4
"1765",3,4,4,4,2,2,2,3,3,4,4,4,4,3
"1766",3,3,2,4,4,3,3,2,2,1,4,4,4,4
"1767",4,4,4,4,4,3,4,4,4,4,3,3,4,3
"1768",4,4,4,4,3,3,3,3,3,4,4,4,4,4
"1769",3,4,4,4,3,3,3,3,3,3,3,2,3,4
"1770",4,4,4,4,3,2,3,3,4,4,4,4,4,4
"1771",4,4,4,4,3,3,3,4,4,4,4,4,4,4
"1772",4,3,4,4,3,2,2,4,4,4,4,4,4,4
"1773",3,3,3,4,2,2,2,3,3,1,4,4,4,3
"1774",3,4,4,2,3,3,2,2,4,4,4,4,4,2
"1775",3,3,3,3,2,2,2,3,3,3,4,4,4,3
"1776",4,4,4,4,2,3,3,4,4,4,3,4,4,4
"1777",4,4,4,4,4,3,3,4,4,4,4,4,4,4
"1778",3,4,4,4,3,3,2,3,3,3,4,4,4,4
"1779",3,4,4,4,3,3,3,3,4,4,4,4,4,3
"1780",4,4,4,4,3,2,3,4,4,4,4,4,4,4
"1781",4,4,4,4,4,3,3,4,4,4,4,4,3,4
"1782",3,3,4,4,2,2,2,3,4,4,4,4,4,4
"1783",3,3,3,3,4,3,3,2,3,3,4,2,4,4
"1784",4,4,4,4,3,3,3,3,3,3,4,4,4,3
"1785",4,4,4,4,4,3,4,4,4,2,4,4,4,3
"1786",4,4,4,4,3,3,4,4,4,4,4,4,4,4
"1787",4,4,4,4,3,3,3,4,4,4,3,4,4,4
"1788",4,4,4,3,3,3,3,3,4,4,4,4,4,4
"1789",4,4,4,3,4,3,3,4,4,3,4,4,4,4
"1790",3,3,3,3,1,2,2,3,3,3,2,3,2,2
"1791",4,4,4,4,3,2,2,3,3,2,4,4,4,3
"1792",4,4,4,4,3,4,4,4,4,4,4,4,4,4
"1793",3,3,4,4,3,2,2,3,3,3,4,4,3,2
"1794",4,3,4,4,3,2,2,3,4,4,4,4,3,4
"1795",4,3,4,3,3,2,3,3,3,3,4,3,3,3
"1796",4,4,4,4,3,3,3,4,3,4,4,4,4,4
"1797",4,4,4,3,4,3,4,4,4,4,4,4,4,4
"1798",4,4,4,4,3,3,3,4,4,4,4,4,2,3
"1799",3,4,4,4,1,4,4,3,3,3,4,4,2,2
"1800",4,4,4,4,4,4,4,4,4,4,4,4,4,4
"1801",4,4,4,4,2,3,3,3,3,4,4,4,4,3
"1802",3,2,3,4,4,2,3,2,3,2,3,2,2,3
"1803",3,3,3,3,3,3,2,3,3,3,3,2,2,2
"1804",4,4,4,4,4,3,3,3,4,4,4,4,4,4
"1805",3,2,2,3,2,2,3,4,3,3,3,3,3,3
"1806",4,4,4,4,3,3,3,4,3,4,4,4,4,4
"1807",4,4,4,4,3,4,4,2,2,2,4,4,4,4
"1808",4,4,4,4,2,2,2,3,4,4,4,3,3,3
"1809",3,4,4,4,2,2,2,3,3,3,3,3,3,3
"1810",3,3,3,4,3,3,3,3,3,3,3,3,3,3
"1811",4,4,4,4,4,3,3,3,3,3,4,4,4,4
"1812",3,3,3,4,2,1,3,2,2,3,4,3,3,4
"1813",2,2,1,4,3,2,2,4,4,4,4,3,4,4
"1814",2,2,1,3,1,1,1,3,4,3,3,4,4,3
"1815",4,4,4,4,3,2,2,2,2,2,4,4,3,3
"1816",4,4,4,4,4,4,4,4,4,4,4,4,4,3
"1817",3,4,4,3,3,2,2,3,4,4,4,4,3,4
"1818",4,4,3,4,4,3,3,4,4,4,4,4,4,4
"1819",4,4,4,4,3,3,3,3,4,4,4,4,4,4
"1820",4,4,4,4,3,2,3,3,4,4,4,4,4,4
"1821",3,3,4,3,2,1,1,2,2,3,4,3,3,2
"1822",3,4,4,3,4,4,3,4,4,4,4,4,3,3
"1823",3,3,3,4,3,2,3,3,4,4,4,4,4,3
"1824",3,2,2,3,1,1,2,2,2,2,4,4,3,4
"1825",4,4,4,4,3,3,3,4,4,4,4,4,4,4
"1826",4,4,4,4,3,3,3,4,4,4,4,4,4,4
"1827",4,4,4,4,4,4,3,3,4,4,4,4,4,4
"1828",3,3,3,3,2,2,2,3,4,4,4,4,4,3
"1829",4,4,4,4,2,3,3,3,4,3,4,4,4,4
"1830",4,4,3,3,4,4,3,4,4,4,4,4,4,4
"1831",3,2,2,4,3,2,3,3,4,4,3,3,2,3
"1832",1,4,3,3,2,1,1,3,1,1,2,4,3,4
"1833",4,4,4,4,4,2,3,4,4,4,4,4,4,4
"1834",2,2,3,4,2,2,2,3,3,4,3,3,3,3
"1835",3,3,4,4,3,2,2,3,4,3,4,3,3,2
"1836",4,4,4,3,3,3,3,2,3,4,2,3,3,4
"1837",3,4,3,4,3,2,2,2,3,4,4,4,4,2
"1838",4,3,3,4,4,3,2,4,4,4,4,4,3,4
"1839",4,4,4,4,3,3,3,4,4,4,4,3,4,4
"1840",4,4,3,4,3,3,3,3,3,2,4,4,3,3
"1841",4,4,4,4,3,3,3,3,3,4,4,4,4,4
"1842",4,4,4,4,4,3,3,4,4,4,4,4,4,4
"1843",4,4,4,4,3,3,2,3,4,4,4,4,4,4
"1844",4,4,2,3,4,4,4,4,4,4,4,4,4,4
"1845",4,4,4,4,3,2,2,4,4,4,4,3,3,4
"1846",4,1,4,3,1,1,1,3,3,3,2,4,4,4
"1847",4,4,4,4,3,3,4,3,4,4,4,4,4,4
"1848",4,3,3,3,3,2,3,3,4,4,3,4,4,3
"1849",2,3,3,3,2,2,2,2,3,3,4,3,3,2
"1850",4,4,4,4,3,3,3,3,4,4,4,4,4,4
"1851",4,4,3,4,3,2,3,3,4,4,4,4,4,4
"1852",3,3,3,3,2,2,4,1,3,4,4,4,4,3
"1853",4,4,4,4,3,3,3,3,4,4,4,4,4,4
"1854",4,3,4,4,3,2,3,4,4,4,3,4,3,3
"1855",3,4,4,3,2,2,4,4,4,4,4,4,4,3
"1856",4,3,4,4,3,3,3,4,3,4,4,4,4,3
"1857",3,3,4,3,2,2,2,2,3,3,4,4,4,3
"1858",3,4,3,3,2,2,3,4,3,3,4,4,4,2
"1859",4,4,4,4,3,3,3,2,4,4,4,4,4,4
"1860",4,3,4,4,2,2,2,3,4,4,4,3,4,4
"1861",4,3,4,4,1,3,4,2,2,3,4,4,4,3
"1862",4,4,4,4,4,3,4,4,4,4,4,4,4,4
"1863",4,3,4,4,2,2,3,2,4,4,3,3,3,3
"1864",4,3,4,3,3,3,3,2,4,4,3,4,4,3
"1865",4,4,4,4,4,3,4,4,4,4,4,4,4,4
"1866",4,4,3,3,3,2,3,4,4,4,4,4,4,4
"1867",3,3,3,3,2,2,3,3,3,4,3,4,3,4
"1868",3,3,4,4,2,2,2,3,4,4,3,3,3,4
"1869",4,4,3,4,2,4,2,2,2,3,4,4,3,4
"1870",3,2,4,4,3,3,4,4,3,4,3,4,4,3
"1871",4,3,4,3,1,3,3,3,3,4,4,4,2,4
"1872",4,4,4,4,3,2,2,4,4,4,4,4,4,4
"1873",2,2,2,2,2,2,3,3,3,2,3,3,3,2
"1874",4,4,4,4,3,3,3,4,4,4,4,4,4,4
"1875",4,3,3,4,3,2,3,4,4,4,4,4,4,4
"1876",4,3,4,4,3,3,2,4,4,4,4,4,4,3
"1877",2,3,3,4,3,4,3,3,3,4,4,4,3,2
"1878",4,3,4,4,2,3,3,4,4,4,4,4,3,3
"1879",4,4,3,3,4,3,4,3,3,4,3,4,4,4
"1880",3,3,4,3,2,1,2,2,2,3,3,3,3,2
"1881",4,4,4,4,3,3,3,4,4,4,4,4,4,4
"1882",4,4,4,4,3,3,2,3,4,3,4,4,3,4
"1883",4,4,4,4,3,3,3,3,4,3,4,3,3,3
"1884",3,3,4,4,2,4,3,3,4,3,3,3,3,3
"1885",4,4,4,3,3,3,3,4,4,4,2,4,4,2
"1886",3,3,3,4,4,3,3,3,3,3,3,3,3,2
"1887",4,3,4,4,2,2,2,3,4,3,4,4,4,4
"1888",4,4,4,3,4,3,3,3,4,3,4,4,3,4
"1889",3,2,2,4,2,2,4,3,2,2,4,3,2,2
"1890",4,4,4,4,3,3,2,4,4,4,4,4,4,4
"1891",2,4,4,4,2,1,2,3,4,4,4,4,2,4
"1892",4,4,4,4,2,2,2,4,4,4,4,4,4,4
"1893",3,2,3,3,2,2,2,3,4,2,4,4,3,2
"1894",4,4,3,3,3,3,3,3,4,3,3,4,4,4
"1895",3,4,4,3,3,3,3,3,4,4,4,4,3,4
"1896",3,4,4,3,2,2,2,4,4,4,4,4,4,3
"1897",4,4,3,3,4,4,4,4,4,4,4,3,3,3
"1898",4,4,3,4,3,3,2,4,3,3,4,4,4,4
"1899",4,3,4,4,2,2,2,3,3,3,4,3,2,3
"1900",3,3,3,4,3,3,2,2,4,4,4,4,4,3
"1901",3,4,4,4,3,2,2,4,4,4,4,3,4,4
"1902",4,4,4,4,3,4,4,4,4,4,4,3,4,4
"1903",4,4,3,4,3,3,3,4,4,4,4,3,4,3
"1904",4,4,4,3,2,2,2,3,3,4,4,4,4,2
"1905",4,3,4,4,3,3,3,4,4,4,4,4,4,4
"1906",4,3,4,4,3,3,3,4,3,3,4,3,3,3
"1907",4,4,3,4,3,3,2,4,3,3,4,3,4,4
"1908",4,4,4,4,3,2,3,3,3,3,4,3,3,3
"1909",3,4,3,4,3,3,3,3,4,4,4,4,4,3
"1910",4,4,4,4,4,3,3,4,4,4,4,4,4,4
"1911",3,4,4,4,2,2,2,4,4,4,3,4,4,4
"1912",4,4,4,4,4,4,4,4,4,4,4,4,4,4
"1913",4,4,4,4,3,3,3,4,4,4,4,4,3,4
"1914",4,4,2,4,3,3,2,3,3,3,2,2,1,2
"1915",4,4,4,4,3,3,3,4,4,4,4,4,4,4
"1916",3,3,4,3,4,4,4,4,3,3,2,3,3,2
"1917",3,4,4,3,2,2,2,3,4,3,4,3,4,4
"1918",4,4,4,4,4,4,4,4,4,4,4,4,4,4
"1919",4,3,4,4,3,2,2,3,4,3,2,2,2,4
"1920",3,4,4,4,2,2,2,4,4,4,4,4,4,4
"1921",3,2,3,3,2,2,2,3,3,3,4,4,4,4
"1922",4,4,4,4,2,3,3,3,4,4,3,4,4,4
"1923",4,3,2,3,4,3,3,3,4,4,3,4,4,4
"1924",4,4,4,4,3,3,3,3,2,2,4,4,3,3
"1925",3,4,4,4,3,3,3,3,4,3,4,4,4,3
"1926",4,4,3,4,3,3,2,3,4,4,4,4,4,4
"1927",4,4,4,4,3,3,4,3,4,4,4,3,4,2
"1928",4,4,3,4,3,2,2,3,4,4,3,4,3,4
"1929",4,4,4,4,2,3,3,3,2,3,4,3,3,4
"1930",4,4,4,3,3,3,3,2,2,3,4,4,4,4
"1931",4,4,4,3,4,3,4,3,4,4,4,4,4,4
"1932",4,2,3,4,2,2,2,2,2,2,4,2,3,3
"1933",4,4,3,3,2,3,4,3,4,4,4,4,4,4
"1934",3,3,3,4,3,3,2,2,3,3,4,3,3,1
"1935",4,4,4,4,4,2,3,4,4,3,4,4,4,4
"1936",4,3,4,4,1,2,1,2,4,4,4,4,3,2
"1937",4,3,4,3,3,3,2,3,3,3,4,4,4,4
"1938",3,4,3,4,2,2,2,2,4,2,3,4,4,4
"1939",3,2,3,3,3,3,2,3,3,3,3,3,3,3
"1940",4,3,3,3,3,3,3,4,4,4,4,4,4,4
"1941",4,4,3,2,3,4,3,4,4,4,4,4,4,4
"1942",4,4,4,4,3,3,2,4,4,4,4,4,4,4
"1943",4,4,4,4,3,2,2,3,4,3,4,4,4,4
"1944",4,4,4,4,3,3,4,4,4,4,3,4,4,2
"1945",3,3,3,3,2,2,2,4,4,4,4,4,3,3
"1946",3,3,3,3,2,2,2,3,4,4,4,4,3,3
"1947",4,4,4,4,3,3,3,2,4,4,4,4,4,3
"1948",3,3,2,4,2,2,2,2,3,3,4,4,3,3
"1949",3,3,4,3,2,1,1,3,4,4,4,4,4,4
"1950",4,4,4,4,4,4,4,4,4,4,4,4,4,4
"1951",3,3,3,3,3,3,3,3,3,3,4,4,3,3
"1952",3,4,3,4,2,2,3,3,3,3,4,3,3,3
"1953",3,3,3,3,3,3,3,3,3,3,3,3,3,3
"1954",4,4,3,3,3,3,4,3,4,4,4,4,4,4
"1955",2,2,4,3,4,4,3,1,1,2,4,2,2,1
"1956",3,3,4,4,4,4,3,4,4,3,4,3,2,2
"1957",4,4,4,4,4,4,4,4,4,4,4,4,4,4
"1958",3,3,3,4,2,2,2,2,2,3,3,4,4,4
"1959",3,4,4,4,3,3,3,2,4,4,4,4,4,4
"1960",3,4,4,4,3,3,2,4,3,4,4,4,4,4
"1961",4,4,4,4,3,2,2,3,4,3,4,4,3,4
"1962",4,4,4,4,4,4,4,4,3,4,4,4,3,4
"1963",3,4,4,4,3,1,1,2,4,4,4,3,4,3
"1964",4,4,3,4,3,2,2,3,4,4,3,4,4,4
"1965",4,4,3,4,3,3,3,4,3,3,4,4,3,3
"1966",3,3,3,4,2,2,2,4,4,4,3,2,2,3
"1967",3,4,4,4,2,2,2,3,4,3,4,4,3,4
"1968",2,3,3,3,2,3,3,2,2,2,4,4,2,3
"1969",4,4,3,3,3,2,3,4,4,4,3,4,4,4
"1970",4,4,4,4,2,2,3,3,4,3,4,4,4,3
"1971",2,2,3,4,2,2,2,2,3,3,3,2,2,2
"1972",3,4,3,3,3,3,3,4,4,3,3,4,4,3
"1973",4,3,4,4,4,4,4,4,4,4,4,4,4,4
"1974",4,4,4,4,4,4,4,4,4,4,4,4,4,4
"1975",4,3,3,3,3,3,2,3,3,3,4,4,3,4
"1976",4,4,4,4,4,3,4,4,4,4,4,4,4,4
"1977",3,3,3,3,4,4,2,4,3,3,3,2,2,3
"1978",2,2,4,4,3,2,2,3,3,3,4,4,4,3
"1979",4,4,4,4,2,3,3,3,4,4,4,4,4,4
"1980",2,4,4,4,3,2,2,2,4,4,4,4,4,4
"1981",4,4,4,4,3,3,3,4,4,4,3,4,4,4
"1982",4,4,4,3,3,2,2,2,4,4,4,4,4,3
"1983",4,3,3,3,3,2,2,2,3,2,3,4,4,3
"1984",3,3,3,4,3,3,3,3,4,3,3,4,3,3
"1985",3,4,4,4,2,3,4,4,3,2,4,4,4,4
"1986",2,1,3,3,2,1,1,3,4,4,2,3,2,1
"1987",2,2,2,4,2,3,4,2,2,4,4,4,3,2
"1988",4,4,4,4,1,2,2,2,2,3,3,3,1,2
"1989",4,4,3,4,3,3,3,4,4,4,4,4,3,4
"1990",4,4,4,4,4,3,3,4,4,4,4,4,4,4
"1991",4,4,4,4,3,3,3,4,4,4,4,4,4,4
"1992",4,4,3,4,3,3,3,4,4,4,2,4,3,4
"1993",4,4,4,4,3,2,3,3,4,4,4,4,4,4
"1994",4,4,4,4,3,3,3,4,4,4,4,4,4,4
"1995",3,3,3,4,3,3,3,3,3,3,3,3,3,1
"1996",2,1,3,4,2,2,3,3,2,3,3,4,3,3
"1997",4,4,4,4,3,3,4,3,3,4,4,4,3,3
"1998",3,3,3,4,3,2,3,2,2,2,4,3,3,2
"1999",4,4,4,3,3,3,3,4,4,4,4,4,4,4
"2000",3,3,4,4,3,2,2,2,3,4,3,4,3,4
"2001",3,4,4,4,2,2,2,3,4,4,2,2,3,3
"2002",3,2,3,4,2,2,2,3,4,4,4,2,2,2
"2003",4,4,4,4,3,3,2,4,4,4,3,4,3,4
"2004",4,4,4,4,3,3,3,4,4,4,4,4,4,3
"2005",3,4,4,4,4,3,3,3,3,4,4,4,4,4
"2006",3,2,3,3,3,2,2,2,2,4,3,3,3,3
"2007",3,1,2,3,2,2,2,2,3,2,2,2,2,2
"2008",3,3,3,3,3,2,3,4,4,4,4,4,4,3
"2009",3,3,4,3,3,3,3,3,3,3,3,2,3,3
"2010",4,4,4,4,3,3,2,4,4,3,4,4,4,4
"2011",4,4,3,2,3,2,2,2,4,4,4,4,4,4
"2012",4,4,4,4,3,3,3,3,4,3,4,4,4,3
"2013",3,3,3,3,2,2,2,3,3,3,4,3,3,3
"2014",4,3,4,4,3,3,3,4,4,4,4,4,4,4
"2015",4,4,4,4,4,3,4,4,4,4,4,4,4,4
"2016",4,4,4,4,4,4,4,4,4,4,4,4,4,4
"2017",4,4,4,4,4,4,4,4,4,4,4,4,3,4
"2018",2,2,3,4,2,2,2,3,3,3,4,4,3,4
"2019",4,4,4,4,3,2,2,3,4,3,4,4,4,4
"2020",4,4,3,4,3,3,4,3,4,4,4,4,4,3
"2021",4,4,4,4,2,3,3,3,4,4,4,4,4,4
"2022",4,4,4,4,4,3,4,2,3,3,4,4,4,3
"2023",3,3,3,4,1,1,1,3,3,4,4,3,3,3
"2024",2,3,3,4,2,3,3,1,1,3,4,4,4,4
"2025",4,4,4,3,2,2,2,2,4,4,4,4,4,4
"2026",3,3,3,4,3,3,3,3,3,4,4,4,3,3
"2027",2,2,3,3,3,2,3,3,4,3,4,4,4,3
"2028",4,4,3,4,3,3,3,3,3,4,4,4,4,4
"2029",4,4,4,4,3,1,4,2,4,4,4,4,4,4
"2030",3,4,4,4,2,2,2,2,3,3,4,4,4,4
"2031",3,3,3,4,1,1,1,2,4,3,3,3,3,3
"2032",3,4,3,4,1,1,1,3,3,3,3,3,4,4
"2033",2,3,3,3,2,2,2,2,3,4,2,3,2,3
"2034",4,4,4,4,4,4,4,4,4,4,4,4,4,4
"2035",3,3,3,3,4,2,3,3,3,3,4,4,4,3
"2036",4,4,4,4,3,2,4,4,4,4,4,4,4,4
"2037",4,4,4,4,3,4,4,3,4,4,4,4,4,3
"2038",4,4,4,4,3,4,4,4,4,4,4,4,4,4
"2039",2,4,4,4,3,3,3,3,4,3,3,4,4,4
"2040",3,3,3,3,2,2,3,3,3,3,3,3,3,2
"2041",3,3,4,4,2,2,2,3,3,3,4,4,4,3
"2042",3,3,4,4,2,1,2,2,3,2,4,4,3,4
"2043",4,4,3,3,2,2,3,2,3,4,4,4,4,3
"2044",4,4,4,4,4,4,3,4,4,4,4,4,4,4
"2045",3,2,3,3,1,1,1,2,3,2,2,3,3,4
"2046",3,3,3,4,3,3,3,3,4,4,4,4,4,4
"2047",2,2,2,3,1,2,2,3,2,2,3,3,3,3
"2048",4,4,4,4,3,3,3,4,4,4,4,4,4,4
"2049",3,4,4,4,3,3,3,3,3,4,4,4,3,3
"2050",4,4,4,4,4,4,4,4,4,4,4,4,4,4
"2051",4,4,4,4,3,2,3,4,4,4,4,4,4,4
"2052",4,4,4,4,3,2,3,4,4,4,4,4,4,4
"2053",4,3,4,4,3,2,2,2,3,3,4,4,3,3
"2054",3,2,3,3,4,2,2,4,4,4,4,2,2,3
"2055",4,4,4,4,4,4,4,4,4,4,4,4,4,4
"2056",4,4,4,4,3,3,3,3,4,4,4,4,4,4
"2057",4,4,4,4,4,4,4,4,4,4,4,4,4,4
"2058",3,4,3,4,2,3,3,3,4,4,4,4,4,4
"2059",3,4,4,4,2,2,2,2,3,3,3,3,3,3
"2060",4,4,3,3,4,4,4,3,3,3,4,4,4,4
"2061",3,4,4,4,3,2,2,2,4,4,4,4,4,2
"2062",4,2,2,3,3,2,3,3,4,4,4,4,4,3
"2063",4,3,3,3,3,2,3,4,4,4,4,4,4,3
"2064",2,3,2,4,4,4,4,4,4,4,4,4,3,3
"2065",4,4,4,4,4,4,4,4,4,4,4,4,4,3
"2066",4,4,4,4,4,3,3,4,4,4,4,4,4,4
"2067",4,4,4,4,4,4,4,4,4,4,4,4,4,4
"2068",4,4,4,4,3,3,3,4,3,3,4,4,4,4
"2069",4,4,4,4,4,3,4,3,3,4,4,4,3,4
"2070",3,3,3,3,3,3,3,3,3,2,4,4,4,3
"2071",3,3,3,3,2,2,2,3,4,4,4,3,3,4
"2072",4,4,3,4,3,3,3,4,4,4,4,4,4,4
"2073",4,4,4,4,3,3,3,3,3,3,4,4,4,4
"2074",4,3,4,4,3,3,4,2,4,4,4,4,3,3
"2075",4,4,4,4,3,2,2,4,4,4,4,4,4,4
"2076",2,3,2,3,2,1,1,2,2,1,3,3,2,1
"2077",3,3,3,2,2,1,1,2,3,3,3,3,3,2
"2078",3,2,3,3,2,2,2,3,3,3,4,4,4,3
"2079",4,4,4,4,2,2,2,2,4,4,4,4,4,4
"2080",4,3,4,4,3,3,2,4,3,4,4,4,4,4
"2081",4,3,4,2,3,4,4,4,4,4,4,4,4,4
"2082",3,3,3,2,2,3,3,2,3,3,4,3,2,3
"2083",2,2,2,2,4,4,4,2,3,2,3,4,3,3
"2084",4,4,4,4,4,4,4,4,4,4,4,4,4,4
"2085",4,4,4,4,3,2,3,3,4,4,4,4,4,3
"2086",3,4,4,4,3,2,2,3,3,3,4,4,4,4
"2087",3,3,4,4,2,2,3,4,4,4,4,4,4,4
"2088",2,3,4,4,3,2,3,3,3,3,3,3,3,3
"2089",3,3,3,4,2,3,3,3,3,3,2,3,3,2
"2090",3,3,3,4,2,1,1,3,4,4,4,3,3,4
"2091",3,4,4,4,2,1,2,3,4,3,4,2,2,4
"2092",3,4,4,4,3,2,2,3,4,4,4,4,4,4
"2093",4,4,4,4,3,3,3,4,4,4,4,3,3,4
"2094",4,4,4,4,3,3,4,4,4,3,4,4,4,4
"2095",3,3,4,4,3,2,2,4,4,4,4,3,3,4
"2096",2,3,3,3,3,4,4,3,3,4,3,3,3,3
"2097",4,3,3,3,1,1,1,1,3,3,4,4,3,4
"2098",4,4,4,4,4,4,4,3,4,4,4,4,4,4
"2099",4,3,3,3,1,1,1,2,2,2,3,1,2,1
"2100",3,3,4,4,4,3,3,3,3,3,3,3,3,3
"2101",4,4,4,4,4,3,4,3,4,4,4,4,4,3
"2102",4,4,4,4,4,4,3,4,4,3,3,4,4,3
"2103",4,4,4,4,4,4,4,4,4,4,4,4,4,4
"2104",4,4,4,4,2,2,2,3,4,4,4,4,4,4
"2105",3,4,4,4,2,2,2,4,4,3,4,4,4,4
"2106",3,3,4,4,2,2,2,3,3,3,4,4,4,2
"2107",3,3,3,4,3,3,2,3,4,4,4,3,3,4
"2108",3,3,3,4,2,2,3,4,4,4,3,4,3,3
"2109",4,4,3,3,4,2,3,4,4,4,4,4,4,4
"2110",3,3,3,4,2,3,3,3,3,3,3,3,3,4
"2111",2,1,3,3,1,1,1,3,3,4,4,3,3,2
"2112",4,3,4,4,3,3,3,4,4,3,4,4,4,4
"2113",4,4,3,3,4,3,3,4,4,4,4,4,4,4
"2114",3,4,3,3,3,3,2,3,4,4,4,4,4,4
"2115",3,2,3,3,1,2,3,3,2,2,4,4,4,2
"2116",4,4,3,4,3,3,3,3,4,3,4,4,4,4
"2117",3,3,4,4,2,2,2,3,4,4,4,4,4,4
"2118",3,4,3,4,4,4,3,3,3,4,3,3,3,3
"2119",3,3,3,3,2,2,2,4,4,3,3,3,4,4
"2120",4,4,4,4,3,3,3,3,4,4,4,4,4,3
"2121",3,3,3,4,2,2,3,3,3,3,3,3,3,3
"2122",4,4,3,3,3,3,3,3,3,3,4,3,3,3
"2123",4,2,3,3,2,2,3,3,4,4,4,4,4,3
"2124",3,3,3,3,1,2,4,3,3,2,3,3,4,3
"2125",4,4,4,4,2,2,2,4,4,4,4,4,4,3
"2126",3,3,3,3,3,3,3,3,3,4,3,4,4,3
"2127",4,4,4,4,3,3,2,3,2,1,3,3,3,2
"2128",4,3,3,4,3,3,3,4,4,3,4,4,4,4
"2129",3,3,3,4,2,3,3,3,3,3,4,3,4,4
"2130",3,3,3,3,2,3,3,3,4,4,3,3,3,2
"2131",4,3,4,3,3,3,3,3,4,4,4,4,4,4
"2132",4,4,4,4,3,3,4,3,2,2,4,4,4,4
"2133",3,2,3,3,4,4,4,3,2,3,4,4,4,3
"2134",4,4,4,4,4,3,3,4,4,4,4,4,4,4
"2135",4,4,4,4,3,3,4,4,4,4,4,4,4,4
"2136",4,4,4,3,3,3,3,4,4,4,4,4,4,4
"2137",4,4,4,4,4,3,3,4,4,4,4,4,4,4
"2138",3,4,3,4,4,2,1,3,4,3,3,4,3,4
"2139",3,3,3,3,3,3,3,2,3,2,4,3,3,2
"2140",4,3,3,3,3,1,2,2,4,4,4,3,2,4
"2141",4,4,4,4,4,3,2,3,4,3,4,4,4,4
"2142",3,3,3,4,2,1,2,3,4,4,4,4,3,3
"2143",3,3,4,4,3,2,3,3,4,4,4,3,4,3
"2144",1,4,4,4,4,4,4,4,4,4,4,4,4,4
"2145",4,4,4,4,2,1,3,3,4,4,4,4,4,4
"2146",4,4,4,4,4,4,4,2,2,3,4,4,4,4
"2147",4,4,4,4,2,2,2,3,4,4,4,4,4,3
"2148",4,4,4,4,4,3,3,4,4,4,4,4,4,4
"2149",4,4,3,4,2,4,4,3,3,4,4,4,4,4
"2150",3,4,3,4,2,2,2,4,3,3,4,3,3,3
"2151",4,4,3,3,2,2,2,3,3,4,4,3,3,4
"2152",3,2,2,3,2,1,3,2,4,3,4,3,2,3
"2153",3,3,4,4,2,2,3,4,4,4,4,4,3,3
"2154",4,4,4,4,2,1,1,4,4,4,4,1,3,4
"2155",4,4,4,4,3,3,3,4,4,3,4,4,4,4
"2156",3,4,4,3,2,2,1,3,3,3,4,4,4,3
"2157",3,4,4,4,3,3,3,3,3,3,3,3,3,3
"2158",4,2,2,4,2,3,4,2,2,3,3,2,2,1
"2159",4,4,4,3,3,2,3,3,4,4,4,4,4,3
"2160",4,3,4,4,1,4,4,4,4,4,2,2,3,3
"2161",4,3,3,4,4,3,3,4,4,4,4,4,3,3
"2162",4,3,4,4,3,2,2,3,4,4,4,4,4,3
"2163",3,3,4,4,3,3,3,3,3,3,4,4,3,3
"2164",4,3,3,4,2,3,2,3,4,3,4,4,4,4
"2165",3,4,4,4,2,2,2,3,4,3,4,3,3,2
"2166",4,4,4,3,3,3,3,4,3,4,4,4,4,4
"2167",4,4,4,4,4,3,4,4,4,4,4,4,4,4
"2168",4,3,3,4,2,2,2,3,4,4,3,4,2,3
"2169",4,4,4,4,3,2,2,2,2,3,2,3,2,2
"2170",3,3,4,4,3,3,3,3,3,4,4,4,4,3
"2171",3,3,3,4,3,3,3,3,3,3,4,4,4,4
"2172",4,4,3,4,3,2,2,2,4,3,4,4,2,3
"2173",4,3,4,3,2,2,2,3,3,3,4,4,3,2
"2174",4,4,4,4,4,3,3,2,2,3,3,4,4,4
"2175",4,4,4,4,4,4,4,3,3,3,3,3,1,3
"2176",4,4,4,4,2,2,2,2,3,4,4,3,3,4
"2177",4,4,4,4,2,2,3,3,3,4,4,4,4,3
"2178",4,4,4,4,2,2,2,3,4,4,4,3,3,3
"2179",4,4,4,4,3,3,3,4,4,3,4,4,4,4
"2180",3,3,3,4,1,1,3,4,4,4,4,4,2,2
"2181",4,3,3,4,3,3,3,3,3,4,3,3,3,4
"2182",3,2,2,2,2,1,2,2,2,2,2,2,3,2
"2183",3,4,4,4,3,2,2,3,4,4,4,3,3,4
"2184",4,4,4,4,3,3,3,3,3,3,4,4,4,4
"2185",4,4,3,4,4,3,3,4,4,4,4,4,4,4
"2186",4,4,4,4,4,3,4,3,4,4,4,4,4,4
"2187",4,4,4,4,4,3,2,2,2,3,4,4,4,2
"2188",2,3,4,4,2,1,2,2,2,3,3,3,3,4
"2189",4,4,4,4,3,3,3,4,4,4,4,4,4,4
"2190",2,4,4,4,3,3,4,2,2,4,4,4,3,3
"2191",4,4,3,3,4,3,3,3,4,4,4,4,4,4
"2192",3,3,4,4,1,1,1,2,4,3,2,2,2,3
"2193",4,3,3,3,3,3,3,4,3,4,3,3,3,3
"2194",2,4,4,3,3,3,3,3,4,4,4,4,4,4
"2195",4,3,4,4,3,4,4,3,4,4,4,4,3,4
"2196",3,4,2,2,3,4,4,3,3,3,3,3,3,4
"2197",3,3,3,3,3,2,1,2,2,2,4,4,4,3
"2198",3,4,4,4,3,3,2,3,4,4,4,3,3,3
"2199",4,4,4,4,3,3,4,3,4,4,4,4,4,4
"2200",4,3,4,4,3,3,4,3,4,4,4,4,3,3
"2201",4,4,4,4,4,3,4,3,2,3,4,4,4,2
"2202",3,3,3,4,4,3,3,4,3,4,4,4,4,4
"2203",3,4,4,4,3,3,3,3,4,4,4,4,4,3
"2204",4,4,4,4,3,2,2,4,4,3,4,4,3,4
"2205",4,4,4,3,2,2,4,3,4,4,4,4,4,4
"2206",4,4,4,4,4,2,3,3,3,4,4,4,4,4
"2207",3,3,4,4,2,3,3,2,2,4,3,4,3,4
"2208",4,4,3,4,3,3,3,2,3,3,3,3,3,3
"2209",4,4,4,4,3,3,3,3,3,4,4,4,4,4
"2210",3,3,3,3,3,3,3,3,3,3,3,3,3,3
"2211",2,3,3,3,2,2,2,3,3,4,4,4,3,4
"2212",3,4,4,4,3,3,3,2,3,4,4,3,3,4
"2213",3,3,3,3,3,2,1,3,4,4,4,3,4,4
"2214",4,4,4,4,4,3,3,4,4,4,4,4,4,4
"2215",2,2,3,4,2,1,2,3,2,3,4,3,3,3
"2216",4,4,4,4,3,3,3,4,4,4,4,4,4,4
"2217",4,4,4,4,3,3,4,4,4,4,4,3,3,4
"2218",4,3,3,3,3,2,2,4,4,4,3,4,3,4
"2219",4,3,3,3,3,3,3,2,2,3,4,4,4,3
"2220",4,4,4,4,3,3,3,3,3,3,3,4,3,2
"2221",4,3,4,4,4,3,3,3,4,4,4,4,4,4
"2222",4,4,4,4,3,3,3,4,4,4,4,4,4,4
"2223",4,4,2,2,3,3,3,3,4,2,4,4,4,4
"2224",4,4,4,4,4,4,4,4,4,3,4,4,4,4
"2225",3,2,2,3,2,2,2,4,4,4,3,3,3,3
"2226",4,4,4,4,3,3,3,4,4,4,4,4,4,4
"2227",3,4,3,3,2,3,2,3,3,3,4,2,3,3
"2228",4,4,4,4,4,2,2,3,2,2,3,3,3,2
"2229",4,4,4,4,3,3,3,4,4,4,4,4,4,4
"2230",4,4,4,4,3,3,3,4,4,4,4,4,4,4
"2231",3,3,3,4,2,2,3,3,4,4,3,4,4,4
"2232",3,3,4,3,2,2,2,3,4,4,3,4,3,3
"2233",4,3,4,3,4,3,3,2,4,4,4,4,4,4
"2234",3,2,3,3,2,2,1,3,4,3,4,4,4,4
"2235",3,2,3,3,3,2,1,2,3,3,2,3,3,2
"2236",4,4,3,4,4,3,4,4,3,3,4,4,4,3
"2237",4,4,4,4,4,3,3,3,3,4,4,4,4,3
"2238",4,4,4,4,3,3,3,3,3,4,4,4,3,4
"2239",3,3,3,3,4,4,4,1,1,3,4,4,3,2
"2240",3,4,4,4,3,4,4,3,4,4,4,4,4,3
"2241",3,3,4,3,3,2,3,4,3,4,4,4,4,4
"2242",4,4,4,4,4,3,4,4,4,4,4,4,4,4
"2243",4,4,4,4,3,3,3,4,4,4,4,4,4,4
"2244",4,4,4,4,3,4,3,4,4,4,4,4,4,4
"2245",4,4,4,4,3,2,2,2,2,2,4,4,4,4
"2246",3,4,4,4,3,2,2,3,3,3,4,4,4,4
"2247",4,4,3,4,3,3,3,4,4,4,4,4,4,4
"2248",3,4,4,4,2,2,3,3,4,4,4,4,4,4
"2249",4,2,4,3,4,2,3,4,3,4,4,4,4,3
"2250",1,3,4,2,1,1,1,3,3,2,4,4,2,4
"2251",4,4,4,4,4,2,3,3,4,4,4,4,4,4
"2252",3,4,3,4,3,2,2,3,3,3,4,4,3,4
"2253",3,4,4,4,3,2,2,4,4,4,3,4,3,3
"2254",4,4,4,4,4,3,4,4,4,4,4,4,4,4
"2255",3,4,3,4,3,2,2,3,3,4,4,4,4,4
"2256",2,2,3,3,2,4,4,3,4,4,4,3,1,2
"2257",4,3,3,3,3,4,4,4,4,4,4,4,4,4
"2258",4,4,4,4,4,4,4,3,4,4,4,4,4,4
"2259",3,4,4,4,3,4,3,4,4,4,4,4,4,4
"2260",3,4,4,4,2,2,2,3,4,4,4,4,4,4
"2261",4,4,4,4,3,3,2,4,4,4,4,4,4,3
"2262",4,4,4,4,4,4,4,3,4,4,4,4,4,4
"2263",4,4,4,4,3,3,4,4,4,4,4,4,4,4
"2264",2,1,1,1,1,1,1,1,1,1,2,2,1,1
"2265",3,4,3,3,3,2,2,3,4,4,4,4,4,4
"2266",3,3,4,4,1,1,1,2,2,2,4,2,3,4
"2267",4,4,4,4,3,2,3,4,4,4,4,4,4,4
"2268",4,3,4,4,2,2,2,4,4,4,4,4,4,4
"2269",4,3,4,4,3,3,3,2,2,3,4,4,3,4
"2270",4,3,3,4,3,2,2,2,4,3,3,4,4,4
"2271",3,3,3,4,2,2,2,3,3,3,3,3,3,3
"2272",4,4,3,3,3,3,3,3,4,4,4,4,4,4
"2273",3,3,4,4,4,2,3,3,4,4,4,2,4,3
"2274",4,4,3,4,3,4,4,3,3,4,3,4,4,4
"2275",4,4,4,4,3,2,2,3,3,4,4,4,4,4
"2276",3,4,4,4,2,3,4,3,4,4,3,2,2,4
"2277",4,4,4,4,4,4,4,3,4,4,4,4,4,4
"2278",4,4,4,4,4,4,4,4,4,4,4,4,4,4
"2279",4,4,4,4,4,3,3,4,4,4,4,4,4,4
"2280",3,3,3,4,2,1,2,2,3,3,4,4,4,4
"2281",3,3,2,4,3,2,3,3,4,4,3,4,3,3
"2282",2,3,3,4,2,2,2,3,4,3,4,4,4,4
"2283",3,4,4,4,3,3,3,3,4,4,3,4,4,3
"2284",3,4,4,3,3,3,3,3,2,3,4,4,3,2
"2285",3,3,3,3,3,4,4,3,3,3,4,4,4,3
"2286",4,3,4,4,2,3,2,3,3,4,4,4,4,4
"2287",4,4,4,4,2,2,2,3,3,3,4,4,4,4
"2288",4,4,3,4,3,3,3,4,4,4,4,4,4,3
"2289",3,3,3,3,2,3,3,2,2,2,4,4,4,3
"2290",4,4,4,4,3,2,2,3,3,3,3,3,4,4
"2291",4,4,4,4,4,2,4,4,3,3,3,4,4,4
"2292",3,4,4,3,2,2,2,3,3,3,4,4,4,4
"2293",4,4,4,4,3,3,3,4,4,4,4,4,4,4
"2294",4,4,3,4,4,2,2,3,3,3,4,4,4,2
"2295",4,3,3,4,3,3,3,3,4,4,4,4,3,3
"2296",3,4,3,4,4,4,3,4,4,4,4,3,3,3
"2297",4,4,4,4,3,3,3,4,4,4,4,4,4,4
"2298",4,4,4,4,4,3,3,3,4,4,4,4,4,4
"2299",4,4,4,4,4,3,3,3,3,3,4,4,4,4
"2300",4,4,4,4,2,2,2,4,3,3,4,4,4,4
"2301",2,3,4,4,2,1,1,2,3,3,3,2,2,1
"2302",4,4,4,4,3,3,3,4,4,4,4,4,4,3
"2303",3,3,4,3,3,4,4,3,3,3,4,4,3,2
"2304",4,4,4,4,4,3,4,4,4,4,4,4,4,4
"2305",4,4,4,4,3,3,3,4,4,4,4,4,3,4
"2306",4,4,3,4,3,3,4,4,4,4,4,4,4,3
"2307",4,4,4,4,3,4,3,4,4,4,4,4,4,2
"2308",4,4,4,4,2,2,3,3,3,3,4,4,3,4
"2309",3,3,4,4,2,1,2,4,4,4,4,4,4,4
"2310",4,3,3,3,3,2,2,2,3,3,4,4,4,4
"2311",4,3,4,3,2,4,4,3,3,4,4,4,4,4
"2312",4,4,4,4,4,2,2,4,4,4,4,4,4,2
"2313",4,4,4,4,4,3,2,4,4,4,4,4,4,4
"2314",3,4,4,4,3,3,3,3,4,4,4,4,4,4
"2315",4,4,4,4,4,3,3,4,4,4,4,4,4,4
"2316",4,4,4,4,3,2,3,3,4,4,3,4,4,4
"2317",3,3,3,4,3,3,3,4,4,4,3,3,3,4
"2318",4,4,3,3,3,2,3,3,3,3,4,4,3,4
"2319",4,4,3,4,3,4,4,3,4,4,4,4,4,4
"2320",4,4,2,3,3,3,3,2,2,2,2,3,4,2
"2321",4,4,4,4,3,3,3,4,4,4,3,4,3,4
"2322",3,3,4,3,3,3,3,3,3,3,4,3,3,4
"2323",4,3,4,3,4,4,4,3,4,4,4,4,4,3
"2324",4,4,4,3,3,3,2,3,3,4,4,4,4,4
"2325",3,3,3,4,2,2,3,2,2,3,4,4,4,4
"2326",4,4,4,4,3,3,2,3,4,4,4,4,3,3
"2327",3,3,4,4,3,3,3,2,3,2,3,4,4,2
"2328",3,3,4,4,3,2,3,3,4,3,4,4,4,3
"2329",4,4,4,4,3,2,3,3,4,4,4,4,4,2
"2330",4,4,4,4,3,2,3,4,3,4,4,4,4,4
"2331",4,4,4,4,1,1,1,3,3,4,3,4,4,2
"2332",4,4,4,4,3,2,2,4,4,4,3,4,3,3
"2333",4,4,4,4,4,3,3,3,4,4,3,4,4,3
"2334",4,4,4,4,4,4,4,4,4,4,4,4,4,4
"2335",3,3,3,3,2,2,3,3,3,2,4,4,4,3
"2336",3,3,4,4,2,2,2,3,4,4,4,4,4,2
"2337",4,4,4,4,4,3,3,3,3,3,4,4,3,4
"2338",4,3,3,4,3,2,3,3,3,3,4,4,3,4
"2339",4,4,3,4,4,3,4,4,4,3,3,3,3,4
"2340",4,4,4,4,4,3,4,4,4,4,4,3,3,4
"2341",4,4,4,4,3,3,3,4,4,4,4,4,4,4
"2342",4,4,4,4,2,3,3,3,4,3,4,4,4,2
"2343",4,4,1,4,2,2,2,3,3,3,4,4,4,4
"2344",3,4,4,4,3,2,3,3,3,2,3,3,4,4
"2345",4,3,3,4,4,3,4,3,2,2,4,4,4,3
"2346",4,4,3,2,3,2,2,4,4,4,4,4,4,4
"2347",3,3,4,4,2,2,3,3,3,4,4,4,4,4
"2348",3,4,4,3,2,2,2,3,3,4,4,4,3,3
"2349",3,3,4,4,4,4,4,3,3,2,4,2,2,2
"2350",4,4,4,4,3,2,2,4,4,3,4,4,3,4
"2351",2,3,4,4,2,2,2,2,4,4,3,4,2,2
"2352",3,3,4,4,3,2,3,2,3,4,4,4,4,4
"2353",4,4,4,4,4,3,3,4,4,4,4,4,4,4
"2354",3,4,4,4,3,3,2,4,3,3,4,4,4,4
"2355",4,4,4,4,3,3,3,3,3,3,4,4,3,1
"2356",3,4,3,3,2,2,2,3,4,4,4,2,2,2
"2357",4,3,2,3,2,2,3,3,2,2,4,4,4,3
"2358",4,3,3,3,3,3,3,3,4,4,3,4,3,3
"2359",4,4,4,4,3,3,3,3,3,3,4,4,4,4
"2360",4,4,4,3,4,3,3,4,4,4,4,4,4,4
"2361",3,4,4,4,2,2,2,3,4,3,3,3,2,3
"2362",3,4,4,4,4,3,3,4,4,4,4,4,4,4
"2363",4,4,4,4,2,2,2,3,3,3,4,4,4,4
"2364",4,4,4,4,3,3,3,3,3,4,4,4,4,4
"2365",3,3,3,3,2,3,2,3,4,4,3,4,3,3
"2366",3,3,3,4,2,2,3,3,3,3,3,3,3,3
"2367",4,4,4,4,3,3,3,3,3,3,4,4,4,4
"2368",4,4,4,4,4,4,3,4,4,3,4,4,4,4
"2369",4,4,3,3,3,2,3,3,4,4,4,4,4,4
"2370",3,3,4,4,2,1,1,3,4,4,4,4,4,4
"2371",4,4,4,4,2,2,2,3,4,4,4,4,4,4
"2372",4,3,3,4,3,3,3,2,2,3,4,3,3,2
"2373",4,4,3,4,3,2,2,4,4,4,4,4,4,4
"2374",4,4,4,4,4,3,3,4,4,4,4,4,4,4
"2375",4,4,4,4,4,3,3,4,4,4,3,4,4,3
"2376",4,3,4,4,3,4,4,4,4,4,4,4,4,3
"2377",4,4,4,4,3,2,2,2,4,4,4,4,3,4
"2378",3,4,4,3,1,1,1,2,2,4,3,3,2,2
"2379",4,4,4,4,4,2,2,4,4,4,4,4,4,4
"2380",4,3,4,2,3,3,3,3,4,4,4,4,4,4
"2381",4,4,4,4,3,3,3,4,4,4,4,4,4,4
"2382",4,4,4,4,3,4,3,3,3,4,4,4,4,3
"2383",3,3,3,4,2,2,3,2,4,4,3,3,3,2
"2384",4,2,2,3,3,2,3,3,4,4,4,4,4,3
"2385",3,4,4,4,3,2,2,2,3,3,4,3,4,3
"2386",4,4,4,4,2,2,4,4,4,4,4,4,4,4
"2387",3,3,3,3,3,3,2,3,4,3,3,2,2,3
"2388",3,2,2,4,4,3,3,2,2,2,2,3,2,2
"2389",4,3,4,4,3,3,3,4,4,4,4,3,3,3
"2390",4,4,4,4,2,2,2,3,3,4,4,4,3,4
"2391",2,3,2,1,1,1,4,3,1,4,3,4,3,1
"2392",4,4,4,4,3,3,3,4,4,4,4,4,4,4
"2393",4,4,3,2,2,2,2,3,4,4,3,4,4,4
"2394",3,3,3,3,3,3,3,3,4,3,4,4,4,3
"2395",4,4,4,4,3,4,4,4,4,4,4,4,4,4
"2396",4,4,3,4,4,2,2,3,3,3,4,4,4,4
"2397",2,3,4,4,2,2,3,2,2,3,2,2,2,3
"2398",4,4,4,3,3,2,4,4,4,4,4,4,4,4
"2399",3,4,3,4,3,2,4,4,4,3,4,4,4,4
"2400",4,4,4,3,3,2,3,3,4,4,4,4,4,3
"2401",3,3,3,3,4,3,4,3,3,3,3,4,4,3
"2402",4,3,4,4,3,3,3,4,4,4,4,4,4,4
"2403",3,3,4,3,4,3,3,3,4,4,4,4,4,3
"2404",4,4,4,4,4,4,4,4,4,4,4,4,4,4
"2405",4,4,4,4,3,2,3,3,2,4,4,4,4,4
"2406",4,4,4,4,2,2,2,3,4,3,4,3,3,4
"2407",4,4,4,4,4,4,3,4,4,4,4,4,4,4
"2408",3,2,3,2,2,2,2,2,2,2,4,4,3,2
"2409",3,4,3,4,3,2,2,3,3,3,3,4,3,3
"2410",3,4,3,3,2,2,3,3,4,4,3,3,3,3
"2411",4,4,4,4,2,3,3,4,4,4,4,4,3,2
"2412",4,4,4,4,4,3,3,3,4,4,4,4,4,4
"2413",4,4,4,4,4,4,4,4,4,4,4,4,4,4
"2414",4,3,2,3,2,2,2,3,3,3,3,2,3,3
"2415",2,2,3,2,2,2,2,3,4,3,4,4,4,4
"2416",4,4,4,4,3,2,1,3,4,4,3,4,3,4
"2417",4,3,3,3,3,3,2,4,4,4,4,4,4,4
"2418",3,3,2,4,2,2,2,4,3,3,3,2,2,3
"2419",3,3,3,4,3,1,2,3,3,3,3,3,3,2
"2420",4,4,4,4,3,2,2,3,4,2,4,4,3,4
"2421",4,3,4,4,3,2,2,4,4,4,4,3,3,3
"2422",3,3,4,4,3,2,2,3,4,4,4,4,4,4
"2423",4,4,4,4,3,3,3,2,3,3,4,4,4,4
"2424",4,4,4,4,4,3,3,4,4,4,4,4,4,4
"2425",3,3,3,3,2,2,2,2,2,3,4,4,4,3
"2426",4,4,4,4,4,3,3,4,4,4,4,4,4,4
"2427",4,4,4,4,3,3,3,3,4,4,4,4,4,4
"2428",4,4,4,4,4,3,4,4,4,3,4,4,4,4
"2429",3,3,3,3,1,3,4,4,4,4,4,3,2,2
"2430",4,4,4,4,4,2,2,4,4,4,3,4,4,4
"2431",2,3,4,4,2,2,2,3,3,3,4,2,2,3
"2432",3,4,4,4,4,4,4,2,3,4,4,3,4,4
"2433",3,3,4,4,3,2,2,3,3,3,2,3,2,3
"2434",4,4,3,3,3,3,3,2,2,3,4,4,4,4
"2435",4,4,4,4,4,4,3,4,4,4,4,4,4,4
"2436",4,4,4,4,3,4,4,4,4,4,4,4,4,4
"2437",4,3,3,4,4,3,2,3,4,3,4,4,4,4
"2438",4,4,4,4,3,2,2,3,3,3,4,4,4,4
"2439",3,4,3,3,2,2,2,3,4,3,3,4,3,4
"2440",4,3,4,3,3,3,3,4,4,3,4,3,4,4
"2441",3,4,3,2,3,3,3,3,2,3,4,3,3,3
"2442",4,4,3,4,3,3,3,4,4,4,4,4,4,4
"2443",4,4,3,4,2,2,3,3,3,3,4,4,4,3
"2444",4,3,4,4,4,4,3,4,4,4,4,4,4,4
"2445",4,4,4,3,3,3,3,3,4,3,4,4,4,4
"2446",4,4,4,4,4,3,3,4,4,4,4,4,4,4
"2447",4,4,4,4,2,2,4,4,4,4,4,4,3,4
"2448",3,4,4,4,4,4,4,2,3,4,4,4,4,4
"2449",4,4,4,4,2,1,2,4,3,1,4,4,3,3
"2450",4,4,3,4,3,3,3,2,2,3,4,4,4,3
"2451",3,3,3,4,2,2,2,3,3,2,4,3,3,3
"2452",4,4,4,4,2,3,3,4,4,4,4,4,4,4
"2453",4,4,4,4,3,4,3,4,4,4,4,4,4,4
"2454",4,3,4,4,3,3,4,4,3,4,4,4,4,4
"2455",4,4,3,1,2,2,2,2,3,3,3,3,2,4
"2456",4,3,3,4,3,4,4,3,3,4,4,3,3,2
"2457",4,4,4,4,3,3,3,4,3,3,4,4,4,4
"2458",4,4,4,4,3,2,3,4,3,4,4,4,4,4
"2459",3,3,4,4,2,2,2,3,2,4,3,3,3,3
"2460",3,4,4,4,3,3,4,2,2,3,3,3,2,2
"2461",3,3,3,3,3,3,3,4,4,4,4,4,4,4
"2462",3,2,2,3,2,2,2,2,2,3,4,4,3,2
"2463",3,3,4,4,3,3,3,4,4,4,4,4,4,2
"2464",4,4,4,4,3,2,3,3,4,3,4,4,4,4
"2465",3,3,3,3,2,2,2,3,4,4,4,4,4,4
"2466",3,2,4,4,4,4,4,2,2,2,4,4,3,2
"2467",4,4,4,4,4,2,2,4,4,4,4,4,3,3
"2468",4,4,4,4,3,3,3,4,4,4,4,4,4,4
"2469",3,4,3,2,2,2,2,3,3,4,3,4,4,4
"2470",4,4,4,4,4,3,3,4,4,4,4,4,4,4
"2471",2,2,3,4,2,2,2,2,3,3,3,3,2,2
"2472",4,4,4,4,3,2,2,4,3,2,3,3,3,3
"2473",4,3,3,4,3,3,3,3,3,4,4,4,3,3
"2474",4,4,4,4,2,2,3,3,4,3,4,4,4,4
"2475",4,4,4,4,4,2,2,4,4,4,4,4,4,4
"2476",3,4,2,2,2,1,2,4,3,4,4,3,3,3
"2477",3,3,3,3,3,3,3,3,4,4,4,4,3,4
"2478",3,3,3,3,3,3,3,3,3,3,4,3,3,3
"2479",3,3,4,3,3,3,4,4,4,4,4,4,3,3
"2480",4,4,3,3,2,3,3,4,4,3,4,4,4,4
"2481",4,3,3,3,2,2,2,4,4,4,4,4,4,4
"2482",4,4,4,3,4,4,3,4,4,4,4,4,4,3
"2483",4,4,4,4,4,3,4,4,4,4,4,4,3,4
"2484",3,3,4,4,2,2,2,3,2,2,3,3,3,3
"2485",4,4,4,4,3,2,2,4,4,4,4,4,4,4
"2486",4,4,4,3,4,3,3,4,3,3,4,4,4,3
"2487",4,4,3,4,2,2,2,2,4,4,4,3,3,2
"2488",4,4,3,4,2,2,2,3,3,4,3,3,3,3
"2489",3,3,2,2,3,2,2,2,2,2,2,2,3,3
"2490",4,4,3,2,3,3,3,4,4,4,4,4,4,4
"2491",3,4,4,4,2,2,3,3,4,4,4,4,4,4
"2492",3,4,4,4,3,2,2,2,3,2,3,4,4,4
"2493",4,4,4,3,3,2,2,3,3,3,4,3,4,3
"2494",2,3,3,4,2,1,2,2,4,3,4,4,4,4
"2495",4,4,4,4,3,2,3,4,4,4,4,4,4,4
"2496",3,3,3,3,2,2,2,2,4,4,3,2,2,3
"2497",4,4,4,4,3,3,3,3,4,4,4,3,3,3
"2498",4,4,4,4,3,3,3,4,4,4,4,4,4,4
"2499",4,4,4,3,2,3,3,1,2,2,3,2,2,2
"2500",4,3,4,4,3,3,2,4,3,4,3,3,2,4
"2501",3,2,3,4,2,2,2,2,4,4,4,3,3,3
"2502",4,4,4,4,3,1,2,4,4,4,4,4,4,4
"2503",4,3,4,4,3,3,3,4,4,4,4,4,4,4
"2504",4,4,2,4,3,3,3,3,3,3,3,3,3,3
"2505",4,4,4,4,3,3,3,3,4,4,4,4,4,4
"2506",3,3,4,2,1,1,1,2,4,4,4,4,3,3
"2507",4,4,4,4,4,3,3,4,4,4,4,4,4,4
"2508",3,4,4,4,3,2,2,4,4,3,3,3,3,2
"2509",3,3,4,4,3,3,2,3,4,3,4,4,3,4
"2510",4,4,4,4,4,4,4,4,4,4,4,4,4,4
"2511",3,4,4,4,2,2,2,2,2,3,3,4,4,4
"2512",1,4,4,4,4,4,3,4,4,4,4,4,4,4
"2513",4,4,4,4,4,2,4,3,4,3,4,4,3,4
"2514",2,3,3,3,2,2,2,3,3,4,4,2,2,3
"2515",2,3,3,4,2,2,2,2,3,3,4,3,3,4
"2516",4,4,3,4,4,4,4,4,4,4,4,4,2,3
"2517",4,4,4,4,2,3,3,4,4,4,4,4,4,4
"2518",4,4,4,4,4,4,4,3,4,4,4,4,4,4
"2519",4,4,4,4,3,2,3,3,4,4,4,4,4,2
"2520",4,4,4,3,3,2,2,4,4,4,4,4,4,4
"2521",4,4,4,4,4,3,4,3,4,4,4,4,4,4
"2522",4,4,3,4,3,2,3,4,4,4,4,4,4,3
"2523",4,4,4,4,3,3,3,3,4,4,4,4,4,4
"2524",4,4,4,4,2,2,3,4,3,3,4,4,4,3
"2525",2,3,3,3,2,2,2,2,2,3,3,3,3,3
"2526",4,4,3,4,3,4,4,4,4,4,4,4,4,4
"2527",4,3,4,4,3,3,3,2,3,3,4,4,4,3
"2528",4,4,4,4,4,3,3,2,3,3,4,3,3,3
"2529",3,3,3,4,3,3,4,2,2,3,3,3,2,2
"2530",4,4,4,4,3,3,3,4,4,4,4,4,4,4
"2531",4,2,2,3,3,3,2,3,3,4,4,3,3,3
"2532",4,4,3,4,3,2,3,4,4,4,4,3,3,4
"2533",3,4,3,3,2,3,3,4,3,2,4,3,3,3
"2534",4,3,4,3,1,1,2,2,3,3,4,4,4,4
"2535",4,4,4,4,3,3,3,4,4,4,4,4,4,4
"2536",4,4,4,4,4,3,3,4,4,4,4,4,4,4
"2537",3,3,3,2,3,1,1,3,4,3,4,4,4,1
"2538",4,4,4,4,3,3,3,4,4,4,4,4,4,4
"2539",2,4,2,2,1,1,1,3,3,3,4,4,4,3
"2540",4,4,4,4,3,3,2,4,4,4,4,4,4,4
"2541",3,4,3,3,4,2,2,3,4,4,4,4,3,4
"2542",4,4,4,4,3,4,3,4,3,3,4,4,4,4
"2543",4,4,3,4,4,4,4,4,4,4,4,4,4,4
"2544",4,4,4,4,3,2,3,3,3,3,4,3,3,3
"2545",2,2,2,3,2,2,3,2,3,3,3,2,2,2
"2546",4,4,4,4,3,2,2,3,4,3,2,3,4,4
"2547",4,3,2,4,2,2,2,2,3,3,3,3,2,2
"2548",3,3,4,4,2,2,2,3,3,4,4,3,4,3
"2549",3,4,4,4,1,1,3,2,3,2,4,4,4,3
"2550",3,4,4,4,2,2,2,2,4,4,4,3,3,4
"2551",2,4,4,4,4,2,2,3,2,2,4,4,3,3
"2552",3,3,4,4,3,3,3,4,4,4,4,4,4,3
"2553",4,4,3,4,4,4,4,2,2,3,4,4,4,3
"2554",3,4,3,3,2,2,2,2,3,3,4,4,4,4
"2555",4,4,4,4,3,2,2,3,3,4,4,4,4,4
"2556",3,3,4,4,2,2,2,3,3,4,4,4,4,4
"2557",4,4,4,4,3,3,3,3,4,4,4,4,4,4
"2558",4,3,2,4,3,3,3,3,4,4,4,4,3,2
"2559",4,4,4,4,3,3,3,3,3,4,4,4,4,4
"2560",3,3,3,3,3,3,3,3,2,2,4,4,4,3
"2561",4,4,4,4,4,3,3,4,4,4,4,4,4,4
"2562",2,2,4,4,2,2,2,3,2,2,4,2,2,2
"2563",4,4,4,4,3,2,3,3,4,3,4,4,4,3
"2564",4,4,4,3,4,3,4,4,3,3,4,4,4,3
"2565",4,4,4,4,2,3,3,2,3,3,4,2,3,4
"2566",4,3,4,4,3,3,4,3,2,3,3,4,3,3
"2567",2,1,1,4,1,1,1,1,1,3,2,1,1,1
"2568",4,4,4,4,3,2,3,3,3,4,4,3,3,3
"2569",3,4,4,4,3,4,4,3,3,4,4,4,3,3
"2570",3,4,4,4,2,2,2,4,4,4,4,4,4,4
"2571",4,3,4,4,2,3,3,4,4,4,4,4,4,3
"2572",4,4,4,4,4,4,3,4,4,4,4,4,4,4
"2573",4,4,4,4,4,4,3,3,4,4,4,3,3,4
"2574",4,4,4,4,3,3,4,4,4,4,4,4,4,4
"2575",4,4,4,4,2,2,2,4,4,4,4,4,4,4
"2576",2,3,2,4,2,1,2,2,2,3,3,3,4,3
"2577",4,4,4,4,3,2,3,3,3,4,4,4,4,4
"2578",4,3,3,4,3,3,3,3,3,3,3,3,3,3
"2579",3,4,3,4,3,3,4,4,4,4,4,4,4,4
"2580",3,1,2,3,2,2,2,3,3,4,4,4,4,4
"2581",4,4,4,4,4,4,4,4,4,4,4,4,4,4
"2582",4,4,4,3,3,3,3,3,4,4,4,4,4,4
"2583",4,4,4,4,2,3,4,2,2,2,4,4,3,3
"2584",4,4,4,4,3,3,2,3,4,4,4,4,3,4
"2585",4,3,3,2,2,3,3,4,4,4,4,4,4,4
"2586",4,3,4,3,2,2,3,3,4,3,4,4,4,4
"2587",4,4,4,4,2,2,2,3,3,4,4,4,4,3
"2588",4,3,3,2,2,2,2,2,2,4,4,4,4,4
"2589",3,4,4,4,3,3,3,3,2,3,4,4,4,4
"2590",2,3,4,4,2,1,2,2,3,3,3,2,2,3
"2591",4,4,4,4,3,3,3,2,4,4,4,4,4,3
"2592",4,4,4,4,3,2,3,2,3,4,4,4,4,4
"2593",4,4,4,4,2,2,2,2,4,2,4,3,2,2
"2594",3,4,4,3,3,3,4,4,4,3,4,4,4,4
"2595",4,4,4,4,2,2,1,3,4,4,4,3,4,4
"2596",4,4,3,3,3,3,4,4,4,4,4,4,4,4
"2597",4,3,3,4,2,3,3,3,4,4,4,4,4,3
"2598",3,4,4,3,2,2,2,3,4,4,4,4,4,4
"2599",3,4,4,4,2,2,2,3,3,4,4,4,4,4
"2600",4,3,3,3,3,3,3,3,4,4,3,3,3,3
"2601",3,2,3,4,1,2,2,2,2,2,3,3,3,3
"2602",4,4,4,4,4,3,2,4,4,4,4,4,3,4
"2603",3,3,4,3,2,2,2,3,3,3,4,3,3,2
"2604",4,4,4,4,3,2,4,4,4,4,4,4,4,4
"2605",4,3,3,3,3,4,4,3,3,4,4,4,4,3
"2606",4,4,4,4,3,2,1,4,3,3,4,4,4,4
"2607",3,3,4,4,2,2,3,3,3,4,4,3,3,3
"2608",4,4,3,4,4,3,3,3,4,4,4,4,4,3
"2609",4,4,4,4,3,3,3,3,3,4,4,4,3,4
"2610",3,4,3,3,3,2,3,3,4,3,4,4,4,2
"2611",3,2,2,2,3,3,3,2,3,3,3,4,4,4
"2612",4,3,3,4,3,2,2,3,3,3,4,4,3,3
"2613",4,4,4,4,3,3,4,4,4,4,4,4,4,2
"2614",3,4,4,4,2,2,2,2,4,4,3,3,3,3
"2615",2,3,3,3,3,2,3,2,4,3,4,2,2,3
"2616",4,4,4,4,3,3,2,3,4,4,3,3,4,4
"2617",4,4,4,4,3,3,4,2,4,4,4,4,4,4
"2618",3,3,3,4,2,2,2,2,4,4,4,4,4,2
"2619",4,3,3,4,3,3,4,2,3,3,3,4,4,4
"2620",4,3,3,3,3,3,2,4,4,2,4,4,4,4
"2621",2,3,3,2,2,3,3,3,3,3,3,2,2,2
"2622",3,2,2,3,3,3,4,2,2,4,4,4,2,2
"2623",3,4,4,4,3,2,2,3,4,4,4,4,4,4
"2624",3,4,4,4,3,2,3,2,3,4,4,4,4,4
"2625",3,2,2,4,2,2,2,3,3,3,3,3,3,2
"2626",4,4,4,4,3,2,2,3,4,4,4,4,4,3
"2627",4,4,4,4,4,4,4,4,4,4,4,4,4,3
"2628",4,4,4,4,2,4,4,3,4,4,4,4,4,4
"2629",3,4,3,3,3,3,3,3,4,4,4,4,4,4
"2630",3,4,4,4,4,4,4,2,4,4,4,4,4,3
"2631",3,3,3,3,2,2,2,2,3,2,3,3,3,4
"2632",4,4,4,4,2,2,2,4,4,4,4,3,3,2
"2633",4,3,4,4,2,3,3,4,4,4,3,4,3,4
"2634",2,2,4,4,2,2,2,2,2,2,3,4,3,1
"2635",4,4,4,4,3,2,3,3,3,3,4,4,4,4
"2636",4,4,4,4,3,3,4,3,4,4,4,4,4,4
"2637",4,4,4,4,2,3,3,3,3,4,4,4,4,4
"2638",4,4,4,4,4,4,3,4,4,4,4,4,4,4
"2639",4,4,4,4,3,4,4,4,4,4,4,4,4,4
"2640",3,3,4,3,2,2,2,3,3,3,3,3,3,3
"2641",4,4,4,4,3,3,3,3,3,4,4,3,4,3
"2642",4,4,4,4,4,2,1,3,4,4,4,4,3,4
"2643",2,2,2,2,2,3,2,3,3,4,3,3,3,3
"2644",4,4,4,4,2,1,1,4,4,4,4,4,4,4
"2645",3,3,3,3,3,2,2,3,3,4,4,3,3,3
"2646",4,3,4,4,2,2,3,3,4,4,4,4,4,4
"2647",4,4,4,4,4,3,3,4,4,4,4,4,4,3
"2648",4,3,3,4,2,2,3,3,4,4,4,4,3,3
"2649",3,4,3,4,3,4,4,4,4,4,4,4,4,4
"2650",2,3,3,4,2,2,3,2,2,3,3,2,2,3
"2651",4,3,4,4,4,4,4,3,3,3,4,4,4,2
"2652",3,2,4,4,1,1,1,2,2,2,4,4,3,2
"2653",4,4,4,3,3,3,4,4,4,3,4,3,4,4
"2654",3,4,4,4,2,2,2,3,4,4,4,4,4,4
"2655",3,4,4,4,3,3,3,2,3,3,4,4,4,4
"2656",4,4,4,4,4,3,4,4,4,4,4,4,4,2
"2657",4,4,4,4,2,2,2,4,4,4,4,4,4,4
"2658",4,3,4,4,2,3,4,3,4,2,4,4,4,2
"2659",4,4,3,3,2,2,3,3,4,3,4,4,4,4
"2660",4,3,4,4,4,3,3,3,4,4,4,4,3,3
"2661",4,3,4,4,3,3,3,3,3,3,4,4,4,4
"2662",3,4,4,4,3,2,2,3,4,3,4,4,4,4
"2663",3,4,3,3,3,3,4,3,2,2,4,4,3,3
"2664",4,4,4,4,3,2,3,3,4,3,4,4,4,4
"2665",4,4,4,4,3,3,3,4,4,4,4,4,4,4
"2666",4,4,4,3,4,3,3,4,4,4,4,4,3,4
"2667",4,4,3,3,3,2,1,3,3,3,4,4,3,4
"2668",4,4,4,4,4,4,4,4,4,4,4,4,4,4
"2669",4,4,4,4,3,2,3,3,4,3,4,4,4,4
"2670",4,4,3,4,3,2,2,3,4,4,4,4,4,4
"2671",4,4,4,4,4,4,4,4,4,4,4,4,4,4
"2672",3,3,4,4,3,3,3,3,3,3,3,3,4,3
"2673",4,3,4,4,3,3,3,3,4,4,3,4,3,4
"2674",4,3,3,4,3,2,3,3,3,3,4,4,3,3
"2675",3,3,3,3,3,3,3,3,3,3,3,3,3,3
"2676",4,3,2,3,4,2,2,3,4,4,4,4,4,2
"2677",3,4,4,4,3,3,3,4,4,4,4,4,3,4
"2678",4,4,4,4,4,2,3,3,4,4,4,4,4,4
"2679",4,4,4,4,3,3,3,4,4,4,4,4,4,4
"2680",3,4,4,4,2,2,3,1,2,3,4,3,4,3
"2681",4,3,2,2,2,4,4,3,3,2,4,4,4,2
"2682",4,4,4,4,4,4,4,3,4,3,4,4,4,2
"2683",3,3,3,4,2,3,2,2,3,3,4,3,3,3
"2684",3,3,2,3,3,2,2,3,4,3,3,4,3,3
"2685",4,4,4,4,3,3,3,4,4,4,4,4,4,4
"2686",4,3,4,3,3,3,3,1,3,3,4,4,4,4
"2687",4,4,4,4,3,4,3,4,4,4,4,4,3,4
"2688",4,4,4,3,3,2,2,3,4,4,3,3,4,4
"2689",4,4,4,4,4,3,3,3,4,4,4,4,4,4
"2690",3,3,4,4,3,3,3,3,4,4,4,4,4,4
"2691",4,4,4,4,4,3,3,4,4,4,4,4,4,4
"2692",2,2,2,4,2,1,2,2,4,4,4,4,4,3
"2693",3,3,3,4,3,4,4,3,3,4,4,4,4,4
"2694",3,4,3,2,2,2,3,3,3,3,3,4,4,4
"2695",4,4,4,4,3,3,4,4,4,3,4,4,4,4
"2696",4,4,4,4,3,2,2,2,3,2,4,4,4,4
"2697",2,1,2,4,2,1,1,2,2,3,2,2,2,2
"2698",3,4,4,4,3,2,2,2,2,3,4,3,4,4
"2699",3,4,4,3,3,3,2,3,4,3,4,4,4,4
"2700",4,4,4,3,4,3,3,3,3,3,4,4,4,3
"2701",4,4,4,4,2,1,1,2,4,4,4,4,4,4
"2702",4,4,4,4,4,3,3,2,4,4,4,3,4,4
"2703",4,4,4,4,3,2,2,4,4,3,4,3,3,4
"2704",3,3,4,3,2,3,4,2,3,4,4,3,3,2
"2705",3,3,3,3,2,2,2,2,3,3,4,3,3,3
"2706",4,4,4,4,3,4,4,3,3,3,4,2,3,4
"2707",3,3,4,4,3,3,3,4,4,4,3,4,4,4
"2708",2,3,4,4,2,1,2,3,4,4,4,2,4,3
"2709",4,4,4,3,4,3,3,4,4,4,4,4,4,4
"2710",4,3,4,4,2,2,3,4,4,4,3,4,4,4
"2711",4,3,4,4,1,2,3,4,4,4,4,4,4,4
"2712",4,3,4,4,3,3,3,3,4,4,3,3,3,2
"2713",3,2,2,2,2,3,3,2,2,3,3,4,3,2
"2714",4,4,4,4,1,2,1,4,4,4,4,4,3,4
"2715",3,4,3,3,3,2,2,3,4,3,3,4,4,4
"2716",3,4,4,4,3,2,3,3,3,3,4,3,4,4
"2717",4,4,4,4,4,4,4,4,4,4,4,4,4,4
"2718",4,3,3,4,3,2,2,3,4,3,4,4,4,4
"2719",3,4,4,4,2,2,2,2,3,3,4,4,4,4
"2720",4,4,4,4,3,3,2,3,2,2,4,4,4,4
"2721",3,2,3,4,3,2,3,2,2,2,4,3,3,3
"2722",4,3,3,3,4,2,2,3,4,4,3,3,4,3
"2723",4,4,4,4,4,4,3,4,4,4,4,4,4,3
"2724",4,4,4,4,4,3,3,4,4,4,4,3,4,3
"2725",4,4,4,4,4,3,3,4,2,2,4,4,4,3
"2726",4,3,3,3,3,2,2,3,3,3,4,4,3,3
"2727",2,2,2,2,2,2,3,2,2,3,3,1,2,2
"2728",4,4,4,4,4,4,4,3,4,4,4,4,4,3
"2729",4,4,4,4,4,4,4,4,4,4,4,4,4,4
"2730",4,4,4,4,3,3,3,3,4,4,4,4,4,4
"2731",4,3,3,4,3,3,2,3,4,4,4,3,3,3
"2732",4,4,4,4,2,2,2,3,3,3,4,4,4,4
"2733",3,4,3,4,3,3,3,3,3,3,4,4,4,4
"2734",4,4,4,4,2,3,3,3,4,4,4,4,3,2
"2735",4,4,4,4,3,2,2,2,4,4,4,4,4,3
"2736",3,4,3,3,3,3,4,4,3,3,4,4,3,4
"2737",4,4,4,4,4,3,3,4,4,4,4,4,4,4
"2738",4,4,2,3,4,4,4,4,4,4,4,4,4,4
"2739",4,4,4,4,3,2,3,4,4,4,4,4,4,4
"2740",4,3,4,4,4,3,3,4,4,4,3,4,4,4
"2741",4,4,4,4,4,4,4,4,4,4,4,4,4,4
"2742",4,4,4,4,3,3,3,4,4,4,4,4,4,4
"2743",3,4,4,4,2,2,2,3,2,2,4,4,4,4
"2744",3,4,2,3,2,2,2,2,3,3,3,4,3,4
"2745",4,4,4,4,3,2,2,4,4,4,4,4,4,4
"2746",3,3,4,4,2,2,2,4,4,3,4,4,3,2
"2747",3,4,4,4,3,1,3,3,4,4,4,4,4,4
"2748",4,4,4,4,2,2,3,3,4,4,4,3,4,4
"2749",3,4,4,4,2,2,3,2,3,2,3,4,4,4
"2750",4,4,4,3,2,3,3,3,4,4,4,4,4,4
"2751",3,4,3,4,3,3,3,3,3,3,4,4,4,4
"2752",4,4,3,3,2,2,2,3,4,3,4,4,4,4
"2753",3,2,2,4,3,3,3,3,4,4,3,3,2,4
"2754",4,4,4,4,4,3,4,3,4,4,4,4,4,4
"2755",4,4,4,4,3,4,4,3,4,4,4,4,4,3
"2756",4,4,4,4,2,2,3,3,3,3,4,4,3,4
"2757",4,3,4,3,3,2,2,4,3,3,4,4,4,4
"2758",3,4,4,4,3,3,3,2,4,4,4,4,4,3
"2759",4,3,3,3,3,3,3,3,4,4,4,4,3,3
"2760",4,4,4,4,3,3,4,4,4,4,4,4,4,4
"2761",4,4,4,3,4,2,2,3,4,3,4,4,4,4
"2762",4,4,4,4,3,3,3,4,4,4,4,4,3,3
"2763",4,4,4,4,2,2,2,4,4,4,4,4,4,2
"2764",3,4,4,4,3,3,3,3,4,4,4,3,3,4
"2765",3,4,4,3,2,2,3,2,3,3,4,4,4,4
"2766",4,4,3,4,3,3,3,4,4,4,4,4,4,4
"2767",3,3,4,3,3,3,3,4,4,4,4,4,3,3
"2768",3,3,4,4,2,2,2,3,3,3,4,2,2,2
"2769",2,3,1,4,1,1,1,2,3,4,2,2,2,4
"2770",4,4,4,4,3,2,2,4,4,4,4,4,4,4
"2771",4,4,4,4,2,3,2,4,4,4,4,4,3,4
"2772",4,4,4,4,4,4,4,4,4,4,4,4,4,4
"2773",4,3,3,4,4,4,4,3,3,4,4,4,4,4
"2774",3,4,4,4,3,3,3,3,3,3,4,4,3,4
"2775",3,3,3,4,3,3,3,3,4,4,3,3,3,3
"2776",4,4,4,4,4,3,3,2,3,4,4,4,4,4
"2777",4,4,4,4,4,4,4,4,4,4,4,4,4,4
"2778",3,4,4,4,2,2,2,4,3,2,3,3,3,4
"2779",4,4,4,3,3,4,3,4,4,4,4,4,4,3
"2780",4,4,3,4,4,4,3,3,4,4,4,4,4,4
"2781",4,4,4,4,3,2,4,4,4,4,4,4,4,4
"2782",4,3,3,4,3,3,3,3,3,4,4,4,3,3
"2783",3,3,3,4,3,2,3,3,3,3,3,3,2,3
"2784",4,4,4,4,3,2,3,4,3,3,3,2,2,2
"2785",4,4,4,4,3,3,3,3,3,3,4,4,4,4
"2786",4,4,4,4,4,4,4,4,4,4,4,4,4,4
"2787",3,3,4,4,2,2,1,4,4,4,4,4,4,4
"2788",3,2,2,3,3,2,3,3,3,3,2,2,3,2
"2789",4,4,4,4,3,4,4,4,4,4,4,4,4,4
"2790",3,2,2,3,2,2,3,3,3,3,4,4,3,2
"2791",3,3,4,4,3,2,3,2,3,3,4,4,3,4
"2792",4,4,3,4,3,3,3,3,3,4,4,4,4,4
"2793",3,3,3,4,4,3,3,3,3,3,3,3,3,2
"2794",3,4,4,4,3,3,3,3,4,4,4,4,4,4
"2795",3,4,4,4,2,2,2,3,3,3,4,4,4,4
"2796",2,4,3,4,2,2,2,2,2,2,3,2,2,2
"2797",3,3,3,4,2,2,2,3,4,4,4,4,3,3
"2798",2,3,4,4,2,2,2,2,4,3,4,4,2,2
"2799",4,4,4,4,2,1,2,3,4,4,4,4,4,4
"2800",4,4,4,4,3,3,3,3,4,3,3,4,3,3
"2801",3,3,4,4,3,3,3,4,3,4,4,4,4,4
"2802",4,4,3,4,3,3,2,3,4,4,4,4,4,3
"2803",4,3,4,4,2,2,2,2,2,3,4,4,4,3
"2804",4,4,4,4,3,3,3,3,3,3,4,4,4,4
"2805",4,4,4,3,3,2,2,3,3,4,4,4,3,3
"2806",3,4,2,3,2,2,3,2,2,2,2,2,4,1
"2807",3,3,4,4,3,3,3,2,3,4,3,4,4,2
"2808",3,3,4,3,3,3,3,4,3,3,3,3,3,3
"2809",3,3,3,4,3,3,3,3,4,4,3,3,3,3
"2810",3,3,4,3,2,2,2,3,3,4,3,3,3,3
"2811",4,3,2,3,3,2,3,2,3,3,3,3,3,4
"2812",3,4,2,4,3,2,3,2,2,3,4,4,3,4
"2813",3,3,4,4,4,4,4,3,4,4,4,4,2,3
"2814",3,4,4,4,2,2,2,3,4,3,4,4,4,4
"2815",3,3,4,4,3,3,2,1,3,3,3,3,3,3
"2816",4,3,3,4,3,2,3,3,4,4,4,4,4,4
"2817",3,3,2,3,3,2,2,4,4,4,3,3,3,3
"2818",4,3,4,4,3,3,3,3,3,2,4,3,3,3
"2819",3,4,4,3,2,3,3,3,3,3,4,4,4,3
"2820",4,4,4,4,4,4,4,4,3,2,4,4,3,4
"2821",2,2,2,4,3,3,3,2,2,3,3,3,2,2
"2822",4,4,4,4,3,3,3,4,4,4,4,4,4,4
"2823",3,2,4,3,3,2,2,3,4,4,3,4,3,3
"2824",4,4,4,4,3,3,3,4,4,4,4,4,4,4
"2825",3,4,3,4,3,2,3,3,4,3,4,4,4,4
"2826",4,4,4,3,3,3,4,4,4,2,4,4,4,4
"2827",4,4,4,4,4,4,4,4,4,4,4,4,4,4
"2828",4,3,2,4,2,2,2,4,4,4,4,4,4,4
"2829",3,3,3,4,2,2,1,2,3,3,4,4,4,4
"2830",4,4,4,4,3,2,2,4,4,4,4,3,3,3
"2831",4,4,4,4,3,2,2,3,4,3,4,4,4,4
"2832",4,4,4,4,4,3,3,4,4,4,4,4,4,4
"2833",4,4,4,2,3,4,3,4,4,4,4,4,4,4
